Tanggal,provinsi (plot_tk_kab),bps_province_id,name,bps_regency_id,Jumlah Penduduk,Target orang diperiksa/ minggu (7 hari terakhir) (Inmendagri),Orang diperiksa/ minggu (7 hari terakhir),Spesimen diperiksa/minggu (7 hari terakhir),Orang diperiksa per 1000 penduduk/ minggu (7 hari terakhir),Positivity Rate (%) (7 hari terakhir),% Capaian (orang diperiksa/minggu dibagi target orang/minggu) (7 hari terakhir),% Pemeriksaan suspek dan kontak erat dibagi orang diperiksa/minggu (7 hari terakhir)
2022-06-13,ACEH,11,ACEH BARAT,1107,215294,1078,37,2,0.171858017408753,0.0,3.4322820037105752,62.5
2022-06-13,ACEH,11,ACEH BARAT DAYA,1112,155966,7778,21,8,0.134644730261724,0.0,2.702702702702702,22.5
2022-06-13,ACEH,11,ACEH BESAR,1108,436212,2184,227,114,0.520389168569411,0.0,10.393772893772894,11.854103343465043
2022-06-13,ACEH,11,ACEH JAYA,1116,97338,490,37,19,0.380118761429247,0.0,7.551020408163265,8.695652173913043
2022-06-13,ACEH,11,ACEH SELATAN,1103,248511,1246,32,5,0.128766935870042,0.0,2.568218298555377,19.230769230769237
2022-06-13,ACEH,11,ACEH SINGKIL,1102,127289,637,50,30,0.392806919686697,2.0,7.849293563579278,20.87912087912088
2022-06-13,ACEH,11,ACEH TAMIANG,1114,304273,1519,85,81,0.279354395559251,0.0,5.595786701777485,12.269938650306749
2022-06-13,ACEH,11,ACEH TENGAH,1106,218036,1092,182,197,0.834724540901502,0.0,16.666666666666664,4.065040650406504
2022-06-13,ACEH,11,ACEH TENGGARA,1104,222284,1113,76,5,0.341904950423782,0.0,6.828391734052111,3.7735849056603774
2022-06-13,ACEH,11,ACEH TIMUR,1105,448347,2240,39,2,0.0869861959598257,0.0,1.7410714285714286,10.0
2022-06-13,ACEH,11,ACEH UTARA,1111,636641,3185,121,91,0.190060018126385,0.0,3.7990580847723705,8.771929824561402
2022-06-13,ACEH,11,BENER MERIAH,1117,152369,763,42,3,0.275646621031837,0.0,5.504587155963304,3.7037037037037033
2022-06-13,ACEH,11,BIREUEN,1110,483716,2422,64,7,0.132309040842147,0.0,2.6424442609413705,10.526315789473683
2022-06-13,ACEH,11,GAYO LUES,1113,96126,483,25,2,0.260075317812038,0.0,5.175983436853002,7.142857142857142
2022-06-13,ACEH,11,KOTA BANDA ACEH,1171,280231,280,329,1144,1.17403142407514,0.0,117.5,12.869198312236287
2022-06-13,ACEH,11,KOTA LANGSA,1173,183386,917,74,50,0.40352044321813,0.0,8.069792802617231,2.912621359223301
2022-06-13,ACEH,11,KOTA LHOKSEUMAWE,1174,213107,1064,123,141,0.577174846438643,0.0,11.56015037593985,5.434782608695652
2022-06-13,ACEH,11,KOTA SABANG,1172,35076,175,46,37,1.31143802029878,0.0,26.285714285714285,8.928571428571429
2022-06-13,ACEH,11,KOTA SUBULUSSALAM,1175,83273,413,18,5,0.216156497304048,0.0,4.358353510895883,4.3478260869565215
2022-06-13,ACEH,11,NAGAN RAYA,1115,171047,854,29,7,0.169544043450046,0.0,3.395784543325527,15.789473684210526
2022-06-13,ACEH,11,PIDIE,1109,458330,2289,98,255,0.213819736870814,0.0,4.281345565749235,60.130718954248366
2022-06-13,ACEH,11,PIDIE JAYA,1118,165397,826,14,0,0.0846448242712988,0.0,1.694915254237288,43.18181818181818
2022-06-13,ACEH,11,SIMEULUE,1101,97524,490,15,1,0.153808293343177,0.0,3.061224489795918,18.181818181818183
2022-06-13,BALI,51,BADUNG,5103,727951,728,3872,3014,5.31903933094398,2.04028925619835,531.8681318681319,1.634733696607488
2022-06-13,BALI,51,BANGLI,5106,231050,231,309,240,1.33737286301666,0.0,133.76623376623377,9.903381642512077
2022-06-13,BALI,51,BULELENG,5108,672468,672,755,502,1.12273000350946,0.132450331125828,112.35119047619048,5.639097744360902
2022-06-13,BALI,51,GIANYAR,5104,528067,525,860,1642,1.62858122170103,2.44186046511628,163.8095238095238,2.100840336134454
2022-06-13,BALI,51,JEMBRANA,5101,283597,287,374,300,1.31877276557933,0.802139037433155,130.3135888501742,3.4552845528455287
2022-06-13,BALI,51,KARANGASEM,5107,422596,420,340,87,0.804550918607843,0.882352941176471,80.95238095238095,4.990403071017274
2022-06-13,BALI,51,KLUNGKUNG,5105,181443,182,324,321,1.7856847605033,0.0,178.021978021978,4.845814977973569
2022-06-13,BALI,51,KOTA DENPASAR,5171,1017590,1015,1905,4315,1.87207028370955,1.62729658792651,187.6847290640394,1.9981412639405205
2022-06-13,BALI,51,TABANAN,5102,453918,455,614,443,1.35266722183302,0.488599348534202,134.94505494505495,2.3977433004231314
2022-06-13,BANTEN,36,KOTA CILEGON,3672,452907,455,824,1476,1.81935805805607,0.728155339805825,181.0989010989011,12.4804992199688
2022-06-13,BANTEN,36,KOTA SERANG,3673,718427,3591,748,1314,1.0411635420161,0.668449197860963,20.829852408799777,4.797441364605544
2022-06-13,BANTEN,36,KOTA TANGERANG,3671,2310136,2310,5927,7382,2.56564981455637,1.31601147292053,256.5800865800866,6.881258941344778
2022-06-13,BANTEN,36,KOTA TANGERANG SELATAN,3674,1776483,1778,7144,10105,4.02142885690434,3.77939529675252,401.79977502812153,10.343151550500632
2022-06-13,BANTEN,36,LEBAK,3602,1316067,6580,553,451,0.420191373235557,0.361663652802893,8.404255319148936,26.36165577342048
2022-06-13,BANTEN,36,PANDEGLANG,3601,1230369,6153,702,321,0.570560539155327,0.142450142450142,11.409068746952707,3.160270880361174
2022-06-13,BANTEN,36,SERANG,3604,1520697,7602,1212,426,0.797002953251042,0.0825082508250825,15.943172849250198,22.905982905982903
2022-06-13,BANTEN,36,TANGERANG,3603,3926447,3927,4909,7749,1.25023972054124,1.79262578936647,125.0063661828368,2.5674358141046474
2022-06-13,BENGKULU,17,BENGKULU SELATAN,1701,179186,896,212,136,1.18312814617213,0.0,23.660714285714285,2.0
2022-06-13,BENGKULU,17,BENGKULU TENGAH,1709,116293,581,46,12,0.395552612796987,0.0,7.917383820998279,3.96039603960396
2022-06-13,BENGKULU,17,BENGKULU UTARA,1703,310069,1547,521,565,1.68027116545027,0.0,33.67808661926309,9.07715582450832
2022-06-13,BENGKULU,17,KAUR,1704,125000,623,92,37,0.736,0.0,14.76725521669342,1.9867549668874172
2022-06-13,BENGKULU,17,KEPAHIANG,1708,142963,714,144,71,1.00725362506383,0.0,20.16806722689076,0.6211180124223602
2022-06-13,BENGKULU,17,KOTA BENGKULU,1771,378815,378,657,1349,1.73435582012328,0.0,173.80952380952382,2.755453501722158
2022-06-13,BENGKULU,17,LEBONG,1707,117852,588,47,19,0.398805281200149,0.0,7.993197278911565,3.92156862745098
2022-06-13,BENGKULU,17,MUKO MUKO,1706,191000,952,77,20,0.403141361256545,0.0,8.088235294117647,6.896551724137931
2022-06-13,BENGKULU,17,REJANG LEBONG,1702,276578,1386,210,154,0.759279479929712,0.0,15.151515151515152,1.851851851851852
2022-06-13,BENGKULU,17,SELUMA,1705,200390,1001,161,80,0.803433305055142,0.0,16.083916083916083,1.6574585635359116
2022-06-13,DI YOGYAKARTA,34,BANTUL,3402,1064286,1064,1704,2149,1.60107339568499,0.821596244131455,160.15037593984962,6.833268254588051
2022-06-13,DI YOGYAKARTA,34,GUNUNGKIDUL,3403,776705,3885,565,310,0.727431907867208,0.176991150442478,14.543114543114545,3.4124629080118694
2022-06-13,DI YOGYAKARTA,34,KOTA YOGYAKARTA,3471,449890,448,1117,3532,2.48282913601103,0.53715308863026,249.3303571428572,3.4717494894486043
2022-06-13,DI YOGYAKARTA,34,KULON PROGO,3401,448131,448,518,454,1.15591199894674,0.0,115.625,4.58970792767733
2022-06-13,DI YOGYAKARTA,34,SLEMAN,3404,1282804,1281,2178,3108,1.69784316232254,0.550964187327824,170.02341920374707,3.556417717426447
2022-06-13,DKI JAKARTA,31,KEPULAUAN SERIBU,3101,26105,28,86,12,3.29438804826662,0.0,307.1428571428572,6.140350877192982
2022-06-13,DKI JAKARTA,31,KOTA JAKARTA BARAT,3174,2662270,2660,11169,25883,4.19529198766466,2.82925955770436,419.8872180451128,5.707662427166218
2022-06-13,DKI JAKARTA,31,KOTA JAKARTA PUSAT,3173,913724,917,6421,20575,7.0272861389216,2.36723251829933,700.2181025081788,14.607232601332894
2022-06-13,DKI JAKARTA,31,KOTA JAKARTA SELATAN,3171,2309334,2310,16351,48164,7.0803963393775,3.08849611644548,707.8354978354978,5.7093963907902925
2022-06-13,DKI JAKARTA,31,KOTA JAKARTA TIMUR,3172,2949974,2947,13790,17484,4.67461747120483,2.06671501087745,467.9334916864608,11.339103374501605
2022-06-13,DKI JAKARTA,31,KOTA JAKARTA UTARA,3175,1850402,1848,7556,12336,4.08343700449956,3.52038115404976,408.8744588744588,8.369382890438775
2022-06-13,GORONTALO,75,BOALEMO,7501,171405,854,40,35,0.233365421078732,0.0,4.683840749414521,2.1739130434782608
2022-06-13,GORONTALO,75,BONE BOLANGO,7504,158877,791,35,10,0.220296203981697,0.0,4.424778761061947,4.545454545454546
2022-06-13,GORONTALO,75,GORONTALO,7502,376359,1883,78,28,0.207248929878122,0.0,4.142326075411577,3.8461538461538463
2022-06-13,GORONTALO,75,GORONTALO UTARA,7505,112439,560,45,34,0.400217006554665,0.0,8.035714285714286,0.0
2022-06-13,GORONTALO,75,KOTA GORONTALO,7571,221549,1106,130,150,0.586777642869072,0.0,11.754068716094032,2.380952380952381
2022-06-13,GORONTALO,75,PAHUWATO,7503,164712,826,71,71,0.431055417941619,0.0,8.595641646489103,
2022-06-13,JAMBI,15,BATANGHARI,1504,272878,1365,96,15,0.351805568788983,1.04166666666667,7.032967032967033,4.864864864864865
2022-06-13,JAMBI,15,BUNGO,1509,386343,1932,151,35,0.390844405101167,0.0,7.815734989648034,4.240282685512367
2022-06-13,JAMBI,15,KERINCI,1501,240569,1204,80,1,0.332544924740927,0.0,6.64451827242525,3.896103896103896
2022-06-13,JAMBI,15,KOTA JAMBI,1571,605849,609,1177,3218,1.9427283035872,0.0,193.26765188834156,1.693958215697346
2022-06-13,JAMBI,15,KOTA SUNGAI PENUH,1572,88724,441,56,3,0.631170821874577,0.0,12.698412698412698,2.9702970297029703
2022-06-13,JAMBI,15,MERANGIN,1502,393198,1967,117,4,0.297560007934934,0.0,5.948144382308083,2.857142857142857
2022-06-13,JAMBI,15,MUARO JAMBI,1505,463708,2317,266,56,0.573636857677676,0.0,11.48036253776435,2.293577981651376
2022-06-13,JAMBI,15,SAROLANGUN,1503,310323,1554,103,13,0.331912233382637,0.0,6.628056628056628,1.1976047904191618
2022-06-13,JAMBI,15,TANJUNG JABUNG BARAT,1507,340635,1701,190,80,0.557781789892407,0.0,11.169900058788947,19.31464174454829
2022-06-13,JAMBI,15,TANJUNG JABUNG TIMUR,1506,214716,1071,128,4,0.596136291659681,0.0,11.951447245564893,6.153846153846154
2022-06-13,JAMBI,15,TEBO,1508,360735,1806,72,22,0.199592498648592,0.0,3.986710963455149,9.58904109589041
2022-06-13,JAWA BARAT,32,BANDUNG,3204,3810690,19054,3193,2267,0.837905996026966,0.501096147823364,16.757636191875722,3.626813406703352
2022-06-13,JAWA BARAT,32,BANDUNG BARAT,3217,1698855,8491,1402,1249,0.82526172039403,1.4265335235378,16.51160051819574,22.26775956284153
2022-06-13,JAWA BARAT,32,BEKASI,3216,4043491,20216,4729,5735,1.16953394974788,0.486360752801861,23.39236248516027,3.5334532962538847
2022-06-13,JAWA BARAT,32,BOGOR,3201,6165345,30828,5827,3514,0.945121481441833,1.08117384588982,18.90164785260153,6.220215701028343
2022-06-13,JAWA BARAT,32,CIAMIS,3207,1219236,1218,1084,939,0.889081359146219,0.0,88.99835796387521,15.18578352180937
2022-06-13,JAWA BARAT,32,CIANJUR,3203,2341228,2338,1861,1502,0.794882002094627,0.268672756582483,79.59794696321643,6.831767719897523
2022-06-13,JAWA BARAT,32,CIREBON,3209,2217596,2219,2019,2456,0.910445365161193,0.148588410104012,90.98693105002252,2.4971187091817133
2022-06-13,JAWA BARAT,32,GARUT,3205,2658006,2660,3295,3571,1.23965107678463,0.121396054628225,123.87218045112782,5.753490611458835
2022-06-13,JAWA BARAT,32,INDRAMAYU,3212,1764423,8820,2172,2024,1.23099732887182,0.184162062615101,24.62585034013605,9.682695453058551
2022-06-13,JAWA BARAT,32,KARAWANG,3215,2370819,11851,2278,2713,0.960849394238869,0.658472344161545,19.22200658172306,1.9279738086576936
2022-06-13,JAWA BARAT,32,KOTA BANDUNG,3273,2588871,2590,5485,9050,2.1186841677318,1.69553327256153,211.7760617760618,6.394949910800055
2022-06-13,JAWA BARAT,32,KOTA BANJAR,3279,189242,189,333,433,1.75965166295009,0.0,176.19047619047618,7.637231503579953
2022-06-13,JAWA BARAT,32,KOTA BEKASI,3275,3114154,3115,7023,8188,2.25518712305172,2.20703403104087,225.45746388443015,9.071537290715373
2022-06-13,JAWA BARAT,32,KOTA BOGOR,3271,1117208,1120,2112,5953,1.89042684978983,1.60984848484848,188.57142857142856,6.952965235173824
2022-06-13,JAWA BARAT,32,KOTA CIMAHI,3277,610492,609,754,1271,1.23506941941909,2.25464190981432,123.8095238095238,27.81299524564184
2022-06-13,JAWA BARAT,32,KOTA CIREBON,3274,320729,322,616,1839,1.92062457713521,0.0,191.30434782608697,2.151898734177215
2022-06-13,JAWA BARAT,32,KOTA DEPOK,3276,2557194,2555,6932,7400,2.71078377315135,1.78880553952683,271.3111545988258,6.321297749869179
2022-06-13,JAWA BARAT,32,KOTA SUKABUMI,3272,331755,329,1628,2054,4.9072357613299,0.0614250614250614,494.8328267477204,1.18191161356629
2022-06-13,JAWA BARAT,32,KOTA TASIKMALAYA,3278,685846,3430,478,546,0.696949460957708,0.209205020920502,13.935860058309038,11.295180722891567
2022-06-13,JAWA BARAT,32,KUNINGAN,3208,1100895,5502,860,676,0.781182583261801,0.232558139534884,15.63067975281716,6.672226855713094
2022-06-13,JAWA BARAT,32,MAJALENGKA,3210,1233270,6167,663,360,0.537595173806222,0.301659125188537,10.75077022863629,6.807511737089202
2022-06-13,JAWA BARAT,32,PANGANDARAN,3218,407348,406,764,1322,1.87554621601186,0.0,188.17733990147784,71.11735769501054
2022-06-13,JAWA BARAT,32,PURWAKARTA,3214,960815,959,2125,2451,2.21166405603576,0.0,221.584984358707,0.2753737214791503
2022-06-13,JAWA BARAT,32,SUBANG,3213,1594632,7973,792,581,0.496666315488464,0.505050505050505,9.933525649065595,20.741324921135647
2022-06-13,JAWA BARAT,32,SUKABUMI,3202,2539454,12698,1415,1198,0.557206391610165,0.424028268551237,11.143487163332807,0.9350163627863488
2022-06-13,JAWA BARAT,32,SUMEDANG,3211,1186427,5929,608,255,0.512463050824029,0.164473684210526,10.254680384550516,5.505761843790013
2022-06-13,JAWA BARAT,32,TASIKMALAYA,3206,1811135,9058,869,1041,0.479809622143021,0.230149597238205,9.59372930006624,19.768151311775476
2022-06-13,JAWA TENGAH,33,BANJARNEGARA,3304,929976,4648,188,168,0.202155754557107,0.0,4.044750430292599,4.25531914893617
2022-06-13,JAWA TENGAH,33,BANYUMAS,3302,1719757,1722,2511,3189,1.46009000108736,0.1194743130227,145.81881533101046,1.703940362087327
2022-06-13,JAWA TENGAH,33,BATANG,3325,780328,3899,194,170,0.248613403594386,0.515463917525773,4.975634778148243,3.816793893129771
2022-06-13,JAWA TENGAH,33,BLORA,3316,866144,4333,591,575,0.68233457716038,0.0,13.639510731594736,8.884501480750247
2022-06-13,JAWA TENGAH,33,BOYOLALI,3309,990845,4956,663,730,0.66912584713048,0.452488687782805,13.377723970944311,5.545454545454546
2022-06-13,JAWA TENGAH,33,BREBES,3329,1811321,9058,452,379,0.249541632874571,0.442477876106195,4.990064031795098,7.951247823563552
2022-06-13,JAWA TENGAH,33,CILACAP,3301,1734138,8673,1158,1444,0.667766925123606,0.172711571675302,13.35178139052231,11.273792093704246
2022-06-13,JAWA TENGAH,33,DEMAK,3321,1185701,1183,1755,1627,1.48013706659605,0.056980056980057,148.35164835164835,3.217942467089225
2022-06-13,JAWA TENGAH,33,GROBOGAN,3315,1384168,6923,615,576,0.444310228238191,0.48780487804878,8.883432038133757,2.535421327367636
2022-06-13,JAWA TENGAH,33,JEPARA,3320,1299609,6496,1237,649,0.951824741133679,0.323362974939369,19.042487684729064,1.2549019607843137
2022-06-13,JAWA TENGAH,33,KARANGANYAR,3313,900966,4508,719,406,0.798032334183532,0.139082058414465,15.949423247559894,4.221105527638191
2022-06-13,JAWA TENGAH,33,KEBUMEN,3305,1195392,5978,283,280,0.236742424242424,0.353356890459364,4.734024757443961,2.4800708591674048
2022-06-13,JAWA TENGAH,33,KENDAL,3324,982997,4914,1048,1223,1.06612736356266,0.190839694656489,21.326821326821328,2.0486555697823303
2022-06-13,JAWA TENGAH,33,KLATEN,3310,1175301,1176,1436,1793,1.22181466705125,0.20891364902507,122.10884353741496,2.349423323366083
2022-06-13,JAWA TENGAH,33,KOTA MAGELANG,3371,121920,119,57,188,0.46751968503937,0.0,47.89915966386555,3.488372093023256
2022-06-13,JAWA TENGAH,33,KOTA PEKALONGAN,3375,311940,1561,121,196,0.387895108033596,0.826446280991736,7.751441383728379,3.587443946188341
2022-06-13,JAWA TENGAH,33,KOTA SALATIGA,3373,200181,1001,122,189,0.609448449153516,0.0,12.187812187812188,8.394160583941606
2022-06-13,JAWA TENGAH,33,KOTA SEMARANG,3374,1885508,1883,4574,7009,2.42587143623893,0.371665937909926,242.9102496016994,5.292731557005619
2022-06-13,JAWA TENGAH,33,KOTA SURAKARTA,3372,519802,518,1111,2330,2.13735229952944,0.27002700270027,214.47876447876445,5.039370078740157
2022-06-13,JAWA TENGAH,33,KOTA TEGAL,3376,250139,1253,207,1015,0.827539887822371,0.0,16.520351157222667,9.200603318250378
2022-06-13,JAWA TENGAH,33,KUDUS,3319,893352,4466,770,1264,0.861922288190993,0.0,17.24137931034483,1.607717041800643
2022-06-13,JAWA TENGAH,33,MAGELANG,3308,1312296,6559,472,893,0.35967495138292,0.423728813559322,7.196218935813387,1.9390581717451525
2022-06-13,JAWA TENGAH,33,PATI,3318,1266770,6335,630,623,0.497327849570167,0.0,9.94475138121547,1.8612521150592216
2022-06-13,JAWA TENGAH,33,PEKALONGAN,3326,906447,4529,176,153,0.1941646891655,0.0,3.8860675645837937,6.605504587155964
2022-06-13,JAWA TENGAH,33,PEMALANG,3327,1300339,6503,475,400,0.365289359159419,0.210526315789474,7.304321082577273,2.938706968933669
2022-06-13,JAWA TENGAH,33,PURBALINGGA,3303,951622,4760,514,490,0.540130429939619,0.194552529182879,10.798319327731091,5.257510729613734
2022-06-13,JAWA TENGAH,33,PURWOREJO,3306,716893,3584,277,408,0.386389600679599,1.08303249097473,7.728794642857142,5.827505827505827
2022-06-13,JAWA TENGAH,33,REMBANG,3317,646460,3234,234,176,0.36197135166909,0.854700854700855,7.235621521335807,1.1142061281337048
2022-06-13,JAWA TENGAH,33,SEMARANG,3322,1084401,1085,2849,2280,2.6272568911316,0.0351000351000351,262.5806451612904,4.589885252868679
2022-06-13,JAWA TENGAH,33,SRAGEN,3314,890093,889,845,1172,0.949339001654883,0.0,95.05061867266592,1.4492753623188406
2022-06-13,JAWA TENGAH,33,SUKOHARJO,3311,903752,4522,866,1181,0.958227478334764,0.115473441108545,19.15081822202565,5.877342419080068
2022-06-13,JAWA TENGAH,33,TEGAL,3328,1437542,7189,402,316,0.279644003444769,0.248756218905473,5.591876477952427,3.9365079365079367
2022-06-13,JAWA TENGAH,33,TEMANGGUNG,3323,784338,3920,285,1046,0.363363753891817,0.701754385964912,7.270408163265306,8.84265279583875
2022-06-13,JAWA TENGAH,33,WONOGIRI,3312,957367,4788,505,345,0.527488413534204,0.594059405940594,10.54720133667502,4.8346055979643765
2022-06-13,JAWA TENGAH,33,WONOSOBO,3307,792573,3962,403,546,0.508470513126236,0.248138957816377,10.17163048965169,7.907907907907907
2022-06-13,JAWA TIMUR,35,BANGKALAN,3526,1010737,5054,523,182,0.517444201607342,0.382409177820268,10.34823901859913,3.0172413793103448
2022-06-13,JAWA TIMUR,35,BANYUWANGI,3510,1626064,8127,1360,1453,0.836375444016964,0.220588235294118,16.734342315737667,3.409758965314521
2022-06-13,JAWA TIMUR,35,BLITAR,3505,1170647,5852,904,871,0.772222540185043,0.0,15.44771018455229,1.914241960183767
2022-06-13,JAWA TIMUR,35,BOJONEGORO,3522,1257262,6286,845,845,0.672095394595558,0.118343195266272,13.442570792236715,7.192374350086656
2022-06-13,JAWA TIMUR,35,BONDOWOSO,3511,785692,3927,229,280,0.29146281239977,0.873362445414847,5.831423478482302,12.666666666666668
2022-06-13,JAWA TIMUR,35,GRESIK,3525,1356453,6783,1676,2284,1.23557543092168,0.298329355608592,24.708830900781365,2.4483917426788286
2022-06-13,JAWA TIMUR,35,JEMBER,3509,2480477,12404,1329,1316,0.535784044762358,0.0752445447705041,10.714285714285714,5.061801059446734
2022-06-13,JAWA TIMUR,35,JOMBANG,3517,1278825,6391,811,787,0.634175903661564,0.369913686806412,12.68971991863558,17.247238742565845
2022-06-13,JAWA TIMUR,35,KEDIRI,3506,1592699,7966,1769,1512,1.11069323205452,0.169587337478802,22.20687923675621,4.143646408839778
2022-06-13,JAWA TIMUR,35,KOTA BATU,3579,212889,1064,192,181,0.901878443696011,0.520833333333333,18.045112781954884,4.583333333333333
2022-06-13,JAWA TIMUR,35,KOTA BLITAR,3572,144727,147,301,332,2.07977778852598,0.0,204.7619047619048,1.6666666666666667
2022-06-13,JAWA TIMUR,35,KOTA KEDIRI,3571,292927,294,445,738,1.51914982231068,0.224719101123596,151.36054421768708,10.149750415973378
2022-06-13,JAWA TIMUR,35,KOTA MADIUN,3577,178333,175,378,650,2.11963013014978,0.529100529100529,216.0,3.8135593220338975
2022-06-13,JAWA TIMUR,35,KOTA MALANG,3573,884360,882,1356,1327,1.5333122257904,0.442477876106195,153.74149659863946,6.712962962962964
2022-06-13,JAWA TIMUR,35,KOTA MOJOKERTO,3576,132045,658,105,125,0.795183460184028,0.0,15.95744680851064,4.761904761904762
2022-06-13,JAWA TIMUR,35,KOTA PASURUAN,3575,204520,203,381,505,1.86289849403481,0.0,187.6847290640394,4.157549234135667
2022-06-13,JAWA TIMUR,35,KOTA PROBOLINGGO,3574,243356,1218,224,292,0.920462203520768,0.446428571428571,18.39080459770115,2.985074626865672
2022-06-13,JAWA TIMUR,35,KOTA SURABAYA,3578,2928058,2926,7730,15775,2.63997502781707,1.63001293661061,264.18318523581684,7.60086118131611
2022-06-13,JAWA TIMUR,35,LAMONGAN,3524,1206257,1204,1907,2046,1.58092346821614,0.0,158.38870431893687,1.519097222222222
2022-06-13,JAWA TIMUR,35,LUMAJANG,3508,1049583,5250,590,571,0.562128007027553,0.677966101694915,11.23809523809524,1.0767160161507403
2022-06-13,JAWA TIMUR,35,MADIUN,3519,686525,3430,682,511,0.993408834346892,0.586510263929619,19.88338192419825,4.069767441860465
2022-06-13,JAWA TIMUR,35,MAGETAN,3520,637108,3185,1017,825,1.59627567068692,0.393313667649951,31.930926216640504,2.5952960259529605
2022-06-13,JAWA TIMUR,35,MALANG,3507,2650825,13251,2016,2958,0.760517951958353,0.297619047619048,15.213946117274167,2.82671036460467
2022-06-13,JAWA TIMUR,35,MOJOKERTO,3516,1145650,5726,538,449,0.469602409112731,0.557620817843866,9.395738735592037,8.217270194986073
2022-06-13,JAWA TIMUR,35,NGANJUK,3518,1062357,5313,1034,849,0.973307466322526,0.193423597678917,19.461697722567287,5.800464037122969
2022-06-13,JAWA TIMUR,35,NGAWI,3521,841595,4207,732,496,0.86977703051943,0.136612021857924,17.39957214166865,1.641025641025641
2022-06-13,JAWA TIMUR,35,PACITAN,3501,557765,2786,445,510,0.797827041854544,0.898876404494382,15.972720746590094,12.312312312312311
2022-06-13,JAWA TIMUR,35,PAMEKASAN,3528,906496,4529,285,259,0.314397415984185,0.350877192982456,6.292779863104438,3.3057851239669422
2022-06-13,JAWA TIMUR,35,PASURUAN,3514,1660602,8302,1240,1187,0.746717154381363,0.806451612903226,14.93615996145507,1.01763907734057
2022-06-13,JAWA TIMUR,35,PONOROGO,3502,878068,4389,664,436,0.756205669720341,0.301204819277108,15.128730918204605,2.2573363431151243
2022-06-13,JAWA TIMUR,35,PROBOLINGGO,3513,1188469,5943,638,446,0.536825108606114,0.156739811912226,10.735318862527343,12.142857142857142
2022-06-13,JAWA TIMUR,35,SAMPANG,3527,1011438,5054,166,50,0.164122763827343,0.0,3.2845271072417885,2.702702702702702
2022-06-13,JAWA TIMUR,35,SIDOARJO,3515,2355415,2352,2721,3681,1.15521044062299,0.845277471517824,115.6887755102041,3.492957746478873
2022-06-13,JAWA TIMUR,35,SITUBONDO,3512,692143,3458,194,176,0.280288899837172,0.515463917525773,5.6101792943898205,2.127659574468085
2022-06-13,JAWA TIMUR,35,SUMENEP,3529,1099979,5502,450,435,0.409098719157366,0.444444444444444,8.178844056706652,11.9281045751634
2022-06-13,JAWA TIMUR,35,TRENGGALEK,3503,700716,3507,723,540,1.03180175705992,0.138312586445367,20.615911035072717,3.2474804031354982
2022-06-13,JAWA TIMUR,35,TUBAN,3523,1186077,1183,644,636,0.54296643472557,0.0,54.4378698224852,27.923844061650044
2022-06-13,JAWA TIMUR,35,TULUNGAGUNG,3504,1051302,5257,926,968,0.880812554337383,0.971922246220302,17.614609092638386,2.204836415362731
2022-06-13,KALIMANTAN BARAT,61,BENGKAYANG,6102,265967,1330,203,166,0.763252583967184,0.0,15.263157894736842,0.8583690987124464
2022-06-13,KALIMANTAN BARAT,61,KAPUAS HULU,6108,273884,1372,49,11,0.178907858801536,2.04081632653061,3.571428571428571,9.230769230769232
2022-06-13,KALIMANTAN BARAT,61,KAYONG UTARA,6111,116842,581,20,2,0.171171325379572,0.0,3.4423407917383817,8.333333333333332
2022-06-13,KALIMANTAN BARAT,61,KETAPANG,6106,533904,2667,121,127,0.226632503221553,0.0,4.536932883389577,4.522613065326634
2022-06-13,KALIMANTAN BARAT,61,KOTA PONTIANAK,6171,666713,3332,753,1203,1.12942150520539,0.265604249667995,22.59903961584634,4.601226993865031
2022-06-13,KALIMANTAN BARAT,61,KOTA SINGKAWANG,6172,232763,1162,189,277,0.811984722657811,0.0,16.265060240963855,1.2448132780082988
2022-06-13,KALIMANTAN BARAT,61,KUBU RAYA,6112,594258,2968,324,225,0.54521773371162,1.23456790123457,10.91644204851752,10.648148148148149
2022-06-13,KALIMANTAN BARAT,61,LANDAK,6103,387301,385,264,369,0.681640377897294,0.378787878787879,68.57142857142857,26.576576576576574
2022-06-13,KALIMANTAN BARAT,61,MELAWI,6110,215471,1078,45,22,0.208844809742378,2.22222222222222,4.174397031539889,11.76470588235294
2022-06-13,KALIMANTAN BARAT,61,MEMPAWAH,6104,269688,1351,93,48,0.344842929607546,0.0,6.88378978534419,10.569105691056912
2022-06-13,KALIMANTAN BARAT,61,SAMBAS,6101,545040,2723,297,221,0.544914134742404,0.336700336700337,10.907087770840985,9.32642487046632
2022-06-13,KALIMANTAN BARAT,61,SANGGAU,6105,483921,2422,190,199,0.392626069131119,0.0,7.844756399669695,1.083032490974729
2022-06-13,KALIMANTAN BARAT,61,SEKADAU,6109,204126,1022,80,47,0.391914797722975,0.0,7.8277886497064575,3.191489361702128
2022-06-13,KALIMANTAN BARAT,61,SINTANG,6107,430333,2149,171,210,0.397366690446701,0.0,7.957189390414146,8.181818181818182
2022-06-13,KALIMANTAN SELATAN,63,BALANGAN,6311,134576,672,169,219,1.25579598145286,1.18343195266272,25.14880952380952,43.38842975206612
2022-06-13,KALIMANTAN SELATAN,63,BANJAR,6303,601268,3003,259,342,0.430756334945482,2.7027027027027,8.624708624708624,0.6825938566552902
2022-06-13,KALIMANTAN SELATAN,63,BARITO KUALA,6304,317818,1589,185,88,0.582094154516107,0.0,11.642542479546885,4.035874439461884
2022-06-13,KALIMANTAN SELATAN,63,HULU SUNGAI SELATAN,6306,238556,238,378,439,1.58453361055685,0.264550264550265,158.8235294117647,0.2066115702479339
2022-06-13,KALIMANTAN SELATAN,63,HULU SUNGAI TENGAH,6307,273263,1365,339,403,1.24056312051028,0.0,24.83516483516484,8.941176470588236
2022-06-13,KALIMANTAN SELATAN,63,HULU SUNGAI UTARA,6308,239261,1197,156,144,0.652007640192092,0.0,13.032581453634084,2.072538860103627
2022-06-13,KALIMANTAN SELATAN,63,KOTA BANJARBARU,6372,280110,280,570,768,2.03491485487844,0.0,203.57142857142856,0.5714285714285714
2022-06-13,KALIMANTAN SELATAN,63,KOTA BANJARMASIN,6371,719577,3598,594,1274,0.825484972421297,0.841750841750842,16.509171762090048,4.44743935309973
2022-06-13,KALIMANTAN SELATAN,63,KOTABARU,6302,351597,1757,153,71,0.435157296563964,0.0,8.708025042686398,1.6042780748663104
2022-06-13,KALIMANTAN SELATAN,63,TABALONG,6309,260564,1302,152,398,0.58334996392441,0.0,11.674347158218126,2.320185614849188
2022-06-13,KALIMANTAN SELATAN,63,TANAH BUMBU,6310,407703,406,642,957,1.57467568303397,0.0,158.12807881773398,0.6459948320413437
2022-06-13,KALIMANTAN SELATAN,63,TANAH LAUT,6301,351908,1757,155,190,0.440456028280119,1.29032258064516,8.821855435401252,1.06951871657754
2022-06-13,KALIMANTAN SELATAN,63,TAPIN,6305,194243,973,139,121,0.715598502906154,0.0,14.285714285714285,0.6172839506172839
2022-06-13,KALIMANTAN TENGAH,62,BARITO SELATAN,6204,140360,700,147,66,1.04730692504987,0.0,21.0,3.191489361702128
2022-06-13,KALIMANTAN TENGAH,62,BARITO TIMUR,6212,128131,644,84,13,0.655579055810069,0.0,13.043478260869565,1.639344262295082
2022-06-13,KALIMANTAN TENGAH,62,BARITO UTARA,6205,132857,133,253,337,1.90430312290658,0.790513833992095,190.2255639097744,3.353658536585366
2022-06-13,KALIMANTAN TENGAH,62,GUNUNG MAS,6211,119017,595,87,1,0.730988010116202,0.0,14.6218487394958,8.450704225352112
2022-06-13,KALIMANTAN TENGAH,62,KAPUAS,6203,366360,1834,238,146,0.649634239545802,1.68067226890756,12.97709923664122,2.976190476190476
2022-06-13,KALIMANTAN TENGAH,62,KATINGAN,6209,177358,889,122,15,0.687874243056417,0.0,13.72328458942632,2.702702702702702
2022-06-13,KALIMANTAN TENGAH,62,KOTA PALANGKARAYA,6271,295786,294,874,2478,2.95483897141853,0.91533180778032,297.27891156462584,3.923076923076923
2022-06-13,KALIMANTAN TENGAH,62,KOTAWARINGIN BARAT,6201,317875,1589,314,575,0.987809673613842,0.0,19.760855884203902,3.4722222222222223
2022-06-13,KALIMANTAN TENGAH,62,KOTAWARINGIN TIMUR,6202,463963,2317,276,269,0.594875022361697,0.0,11.911955114372033,3.009259259259259
2022-06-13,KALIMANTAN TENGAH,62,LAMANDAU,6207,83552,420,49,19,0.586461126005362,0.0,11.666666666666666,3.658536585365853
2022-06-13,KALIMANTAN TENGAH,62,MURUNG RAYA,6213,120389,602,82,23,0.681125351983985,1.21951219512195,13.621262458471762,2.941176470588235
2022-06-13,KALIMANTAN TENGAH,62,PULANG PISAU,6210,128736,644,72,46,0.559284116331096,1.38888888888889,11.180124223602483,10.416666666666668
2022-06-13,KALIMANTAN TENGAH,62,SERUYAN,6208,216282,1078,102,81,0.471606513718201,0.0,9.461966604823749,7.246376811594203
2022-06-13,KALIMANTAN TENGAH,62,SUKAMARA,6206,67031,336,40,13,0.596738822335934,0.0,11.904761904761903,5.769230769230769
2022-06-13,KALIMANTAN TIMUR,64,BERAU,6405,236589,238,531,546,2.2443985138785,0.188323917137476,223.109243697479,3.2835820895522385
2022-06-13,KALIMANTAN TIMUR,64,KOTA BALIKPAPAN,6471,646020,644,3886,7907,6.01529364415962,0.128667009778693,603.416149068323,2.382347197812927
2022-06-13,KALIMANTAN TIMUR,64,KOTA BONTANG,6474,185458,182,613,795,3.30533058697926,0.489396411092985,336.8131868131868,1.8791946308724832
2022-06-13,KALIMANTAN TIMUR,64,KOTA SAMARINDA,6472,866879,868,1962,3663,2.26329164739254,0.152905198776758,226.03686635944703,2.4867509172441906
2022-06-13,KALIMANTAN TIMUR,64,KUTAI BARAT,6402,150821,154,257,209,1.70400673646243,0.389105058365759,166.88311688311688,0.911854103343465
2022-06-13,KALIMANTAN TIMUR,64,KUTAI KARTANEGARA,6403,792740,791,2433,1913,3.06910210157176,0.0,307.5853350189633,1.5644955300127712
2022-06-13,KALIMANTAN TIMUR,64,KUTAI TIMUR,6404,399900,399,565,447,1.41285321330333,0.353982300884956,141.60401002506268,5.383580080753701
2022-06-13,KALIMANTAN TIMUR,64,MAHAKAM ULU,6411,26825,133,33,0,1.23019571295433,0.0,24.81203007518797,0.0
2022-06-13,KALIMANTAN TIMUR,64,PASER,6401,287272,287,468,214,1.62911804840012,0.213675213675214,163.06620209059233,1.1494252873563218
2022-06-13,KALIMANTAN TIMUR,64,PENAJAM PASER UTARA,6409,160101,161,307,144,1.91753955315707,0.0,190.68322981366455,4.404145077720207
2022-06-13,KALIMANTAN UTARA,65,BULUNGAN,6502,135158,679,144,221,1.06541973098152,0.694444444444444,21.207658321060386,9.90566037735849
2022-06-13,KALIMANTAN UTARA,65,KOTA TARAKAN,6571,267266,266,1090,1280,4.07833394445983,0.0917431192660551,409.7744360902256,6.502890173410404
2022-06-13,KALIMANTAN UTARA,65,MALINAU,6501,89754,448,62,5,0.690777012723667,0.0,13.839285714285715,3.488372093023256
2022-06-13,KALIMANTAN UTARA,65,NUNUKAN,6504,211209,1057,121,12,0.572892253644494,0.0,11.447492904446548,1.96078431372549
2022-06-13,KALIMANTAN UTARA,65,TANA TIDUNG,6503,30725,154,23,2,0.748576078112286,0.0,14.935064935064934,6.896551724137931
2022-06-13,KEP. BANGKA BELITUNG,19,BANGKA,1901,341430,1708,304,271,0.890372843628269,0.0,17.798594847775178,1.1299435028248588
2022-06-13,KEP. BANGKA BELITUNG,19,BANGKA BARAT,1903,215918,1078,134,220,0.620605970785205,0.0,12.430426716141,49.21135646687697
2022-06-13,KEP. BANGKA BELITUNG,19,BANGKA SELATAN,1905,212382,210,46,13,0.216590859865714,0.0,21.904761904761905,20.224719101123597
2022-06-13,KEP. BANGKA BELITUNG,19,BANGKA TENGAH,1904,198458,994,103,171,0.51900150157716,0.0,10.362173038229376,26.31578947368421
2022-06-13,KEP. BANGKA BELITUNG,19,BELITUNG,1902,192079,189,396,309,2.06165171622093,1.51515151515152,209.52380952380955,3.9399624765478425
2022-06-13,KEP. BANGKA BELITUNG,19,BELITUNG TIMUR,1906,130987,658,79,40,0.603113286051288,0.0,12.006079027355623,1.0416666666666663
2022-06-13,KEP. BANGKA BELITUNG,19,KOTA PANGKAL PINANG,1971,215251,217,394,411,1.83042122916967,0.0,181.56682027649768,1.8442622950819672
2022-06-13,KEP. RIAU,21,BINTAN,2102,166137,168,224,146,1.34828484925092,0.0,133.33333333333331,12.084592145015106
2022-06-13,KEP. RIAU,21,KARIMUN,2101,239735,1197,213,248,0.888481031138549,0.469483568075117,17.794486215538846,21.220159151193634
2022-06-13,KEP. RIAU,21,KEPULAUAN ANAMBAS,2105,43949,217,36,0,0.819131265785342,0.0,16.589861751152075,15.217391304347828
2022-06-13,KEP. RIAU,21,KOTA BATAM,2171,1607135,1610,2483,3810,1.5449853310394,0.161095449053564,154.22360248447205,1.2573344509639564
2022-06-13,KEP. RIAU,21,KOTA TANJUNG PINANG,2172,220647,224,415,797,1.88083227961404,0.963855421686747,185.26785714285717,18.95006402048656
2022-06-13,KEP. RIAU,21,LINGGA,2104,90393,455,47,9,0.519951766176584,0.0,10.329670329670328,15.0
2022-06-13,KEP. RIAU,21,NATUNA,2103,81426,406,66,47,0.810551912165647,0.0,16.25615763546798,1.0869565217391304
2022-06-13,LAMPUNG,18,KOTA BANDAR LAMPUNG,1871,1106767,5537,1142,3890,1.03183416202326,0.437828371278459,20.62488712299079,4.509445460085313
2022-06-13,LAMPUNG,18,KOTA METRO,1872,174258,175,329,228,1.88800514180124,0.0,188.0,1.71990171990172
2022-06-13,LAMPUNG,18,LAMPUNG BARAT,1801,309508,1547,203,57,0.655879654160797,0.0,13.12217194570136,33.5195530726257
2022-06-13,LAMPUNG,18,LAMPUNG SELATAN,1803,1038800,1036,1546,1642,1.48825567963034,0.0,149.22779922779924,7.71796093377799
2022-06-13,LAMPUNG,18,LAMPUNG TENGAH,1805,1310276,6552,1041,452,0.794489100006411,0.288184438040346,15.888278388278389,2.822273073989321
2022-06-13,LAMPUNG,18,LAMPUNG TIMUR,1804,1068889,5341,676,100,0.632432366691022,0.0,12.656805841602695,14.105058365758754
2022-06-13,LAMPUNG,18,LAMPUNG UTARA,1806,623348,3115,493,116,0.790890481721286,0.405679513184584,15.82664526484751,3.289473684210526
2022-06-13,LAMPUNG,18,MESUJI,1811,203134,1015,67,11,0.329831539771776,0.0,6.600985221674876,6.666666666666667
2022-06-13,LAMPUNG,18,PESAWARAN,1809,457144,2289,213,82,0.465936335159162,0.0,9.305373525557012,10.3125
2022-06-13,LAMPUNG,18,PESISIR BARAT,1813,158209,791,46,8,0.290754634692085,0.0,5.815423514538559,12.280701754385964
2022-06-13,LAMPUNG,18,PRINGSEWU,1810,409313,2044,220,306,0.537485982609885,0.0,10.76320939334638,4.746835443037975
2022-06-13,LAMPUNG,18,TANGGAMUS,1802,615496,3080,309,62,0.50203413182214,0.0,10.032467532467534,6.601466992665037
2022-06-13,LAMPUNG,18,TULANG BAWANG,1808,466782,2331,192,12,0.411326914919598,0.0,8.236808236808237,19.661016949152543
2022-06-13,LAMPUNG,18,TULANG BAWANG BARAT,1812,278896,1393,224,12,0.803166771843268,0.0,16.08040201005025,1.9230769230769231
2022-06-13,LAMPUNG,18,WAY KANAN,1807,462347,2310,183,50,0.395806612782174,0.0,7.922077922077922,4.6875
2022-06-13,MALUKU,81,BURU,8104,149974,749,107,120,0.713456999213197,0.0,14.285714285714285,3.10077519379845
2022-06-13,MALUKU,81,BURU SELATAN,8109,63531,315,73,0,1.14904534794038,0.0,23.17460317460317,0.0
2022-06-13,MALUKU,81,KEPULAUAN ARU,8105,95226,476,50,35,0.525066683468801,0.0,10.504201680672267,2.941176470588235
2022-06-13,MALUKU,81,KEPULAUAN TANIMBAR,8101,100938,504,55,0,0.544888941726604,0.0,10.912698412698411,0.0
2022-06-13,MALUKU,81,KOTA AMBON,8171,484690,483,779,1664,1.60721285770286,0.128369704749679,161.28364389233954,18.786857624262847
2022-06-13,MALUKU,81,KOTA TUAL,8172,78218,392,73,4,0.933289012759212,0.0,18.62244897959184,0.0
2022-06-13,MALUKU,81,MALUKU BARAT DAYA,8108,73701,371,29,0,0.393481770939336,0.0,7.816711590296496,0.0
2022-06-13,MALUKU,81,MALUKU TENGAH,8103,376484,1883,284,64,0.754348126347999,0.0,15.082315454062666,0.5617977528089888
2022-06-13,MALUKU,81,MALUKU TENGGARA,8102,112818,567,69,5,0.611604531191831,0.0,12.16931216931217,1.2048192771084338
2022-06-13,MALUKU,81,SERAM BAGIAN BARAT,8106,173393,868,146,29,0.842017843857595,0.0,16.82027649769585,0.0
2022-06-13,MALUKU,81,SERAM BAGIAN TIMUR,8107,114545,574,60,5,0.523811602426994,0.0,10.452961672473869,0.0
2022-06-13,MALUKU UTARA,82,HALMAHERA BARAT,8201,119675,595,55,12,0.459578023814498,1.81818181818182,9.243697478991598,1.3333333333333337
2022-06-13,MALUKU UTARA,82,HALMAHERA SELATAN,8204,238714,1197,264,420,1.10592591971983,0.378787878787879,22.05513784461153,1.6216216216216215
2022-06-13,MALUKU UTARA,82,HALMAHERA TENGAH,8202,58049,287,62,3,1.06806318799635,0.0,21.602787456445995,1.2195121951219512
2022-06-13,MALUKU UTARA,82,HALMAHERA TIMUR,8206,99429,497,54,9,0.543101107322813,1.85185185185185,10.865191146881289,1.282051282051282
2022-06-13,MALUKU UTARA,82,HALMAHERA UTARA,8205,197240,987,102,20,0.517136483471912,0.0,10.33434650455927,5.517241379310345
2022-06-13,MALUKU UTARA,82,KEPULAUAN SULA,8203,102790,105,71,0,0.690728670104096,0.0,67.61904761904762,0.0
2022-06-13,MALUKU UTARA,82,KOTA TERNATE,8271,243287,245,433,1264,1.77979094649529,0.0,176.73469387755102,0.6134969325153374
2022-06-13,MALUKU UTARA,82,KOTA TIDORE KEPULAUAN,8272,101618,511,107,41,1.05296305772599,0.0,20.939334637964773,0.0
2022-06-13,MALUKU UTARA,82,PULAU MOROTAI,8207,69864,350,60,3,0.858811405015459,0.0,17.142857142857142,2.1739130434782608
2022-06-13,MALUKU UTARA,82,PULAU TALIABU,8208,54708,273,18,0,0.329019521824962,0.0,6.593406593406594,
2022-06-13,NTB,52,BIMA,5206,515007,2576,279,481,0.541740209356378,1.4336917562724,10.830745341614907,34.93282149712092
2022-06-13,NTB,52,DOMPU,5205,269315,1344,140,140,0.519837365167183,0.0,10.416666666666668,17.277486910994764
2022-06-13,NTB,52,KOTA BIMA,5272,187780,938,155,297,0.825434018532325,0.0,16.52452025586354,46.78899082568808
2022-06-13,NTB,52,KOTA MATARAM,5271,527538,2639,365,817,0.691893285412615,0.547945205479452,13.830996589617278,6.772009029345373
2022-06-13,NTB,52,LOMBOK BARAT,5201,742655,3710,346,403,0.465896008240704,0.0,9.326145552560646,28.771929824561404
2022-06-13,NTB,52,LOMBOK TENGAH,5202,995458,4977,315,407,0.316437258025954,0.0,6.329113924050633,3.316326530612245
2022-06-13,NTB,52,LOMBOK TIMUR,5203,1255768,6279,430,836,0.342419937440674,0.0,6.848224239528587,54.7787610619469
2022-06-13,NTB,52,LOMBOK UTARA,5208,231278,1155,150,74,0.648570119077474,0.0,12.987012987012983,2.941176470588235
2022-06-13,NTB,52,SUMBAWA,5204,480920,2408,191,137,0.397155452050237,0.523560209424084,7.931893687707642,10.612244897959185
2022-06-13,NTB,52,SUMBAWA BARAT,5207,164583,826,104,82,0.631900013974712,0.0,12.590799031477,3.125
2022-06-13,NTT,53,ALOR,5307,209155,1043,102,26,0.487676603475891,0.980392156862745,9.77948226270374,2.459016393442623
2022-06-13,NTT,53,BELU,5306,229747,1148,195,151,0.848759722651438,0.0,16.986062717770032,0.3875968992248062
2022-06-13,NTT,53,ENDE,5311,275722,273,266,259,0.96473984665714,0.37593984962406,97.43589743589745,3.374233128834356
2022-06-13,NTT,53,FLORES TIMUR,5309,261613,1309,159,117,0.607767962601247,0.628930817610063,12.146676852559208,8.571428571428571
2022-06-13,NTT,53,KOTA KUPANG,5371,469725,469,932,1829,1.98413965618181,0.751072961373391,198.72068230277185,3.9695945945945934
2022-06-13,NTT,53,KUPANG,5303,407791,2037,283,83,0.693982947146945,0.353356890459364,13.892979872361316,3.746397694524496
2022-06-13,NTT,53,LEMBATA,5308,151147,756,72,34,0.476357453340126,1.38888888888889,9.523809523809524,2.2988505747126435
2022-06-13,NTT,53,MALAKA,5321,200436,1001,102,4,0.508890618451775,0.980392156862745,10.18981018981019,1.680672268907563
2022-06-13,NTT,53,MANGGARAI,5313,352361,1764,146,50,0.414347785367847,0.0,8.276643990929704,2.13903743315508
2022-06-13,NTT,53,MANGGARAI BARAT,5315,292650,1463,254,529,0.867930975568085,0.78740157480315,17.361585782638414,5.621301775147929
2022-06-13,NTT,53,MANGGARAI TIMUR,5319,294779,1477,80,1,0.271389753001401,0.0,5.416384563303995,4.950495049504951
2022-06-13,NTT,53,NAGEKEO,5318,149750,749,76,22,0.507512520868113,0.0,10.14686248331108,4.0
2022-06-13,NTT,53,NGADA,5312,169243,168,56,9,0.33088517693494,0.0,33.33333333333333,1.5384615384615383
2022-06-13,NTT,53,ROTE NDAO,5314,192752,966,179,169,0.928654436789242,0.0,18.530020703933747,13.559322033898304
2022-06-13,NTT,53,SABU RAIJUA,5320,105118,525,36,0,0.342472269259309,5.55555555555556,6.857142857142858,6.382978723404255
2022-06-13,NTT,53,SIKKA,5310,324276,1624,434,441,1.33836608321307,0.0,26.72413793103448,0.7561436672967864
2022-06-13,NTT,53,SUMBA BARAT,5301,135381,679,100,56,0.738656089111471,0.0,14.727540500736378,0.0
2022-06-13,NTT,53,SUMBA BARAT DAYA,5317,364267,1820,211,19,0.579245443589455,0.0,11.593406593406591,0.8
2022-06-13,NTT,53,SUMBA TENGAH,5316,75568,378,57,39,0.754287529112852,3.50877192982456,15.07936507936508,8.450704225352112
2022-06-13,NTT,53,SUMBA TIMUR,5302,267443,266,225,278,0.84130076315327,0.0,84.58646616541353,1.7241379310344829
2022-06-13,NTT,53,TIMOR TENGAH SELATAN,5304,473686,2366,204,48,0.43066503970985,0.490196078431373,8.622147083685546,2.5
2022-06-13,NTT,53,TIMOR TENGAH UTARA,5305,260338,1302,162,27,0.6222679747098,0.0,12.442396313364055,0.0
2022-06-13,PAPUA,94,ASMAT,9415,103453,518,44,34,0.425313910664746,0.0,8.494208494208493,0.0
2022-06-13,PAPUA,94,BIAK NUMFOR,9409,150676,154,295,171,1.95784331944039,0.0,191.5584415584416,0.8522727272727272
2022-06-13,PAPUA,94,BOVEN DIGOEL,9413,71134,70,95,103,1.33550763348047,0.0,135.71428571428572,40.35087719298245
2022-06-13,PAPUA,94,DEIYAI,9436,77276,385,34,0,0.439981365495108,0.0,8.831168831168831,
2022-06-13,PAPUA,94,DOGIYAI,9434,99702,497,17,0,0.170508114180257,0.0,3.420523138832998,0.0
2022-06-13,PAPUA,94,INTAN JAYA,9435,52232,259,14,10,0.268034921121152,7.14285714285714,5.405405405405405,0.0
2022-06-13,PAPUA,94,JAYAPURA,9403,129453,126,491,774,3.79288235884838,0.0,389.6825396825397,0.6329113924050633
2022-06-13,PAPUA,94,JAYAWIJAYA,9402,211269,1057,269,343,1.27325826316213,0.0,25.449385052034057,0.2906976744186046
2022-06-13,PAPUA,94,KEEROM,9420,58962,56,137,10,2.32353040941623,0.0,244.6428571428572,1.1695906432748535
2022-06-13,PAPUA,94,KEPULAUAN YAPEN,9408,99744,497,165,66,1.65423484119346,0.0,33.199195171026155,0.4672897196261681
2022-06-13,PAPUA,94,KOTA JAYAPURA,9471,309759,308,1201,3182,3.87720776474614,0.333055786844296,389.9350649350649,0.8130081300813009
2022-06-13,PAPUA,94,LANNY JAYA,9430,203607,1015,66,0,0.324153884689623,0.0,6.502463054187192,0.0
2022-06-13,PAPUA,94,MAMBERAMO RAYA,9428,25115,126,26,0,1.03523790563408,0.0,20.634920634920636,3.225806451612903
2022-06-13,PAPUA,94,MAMBERAMO TENGAH,9431,55048,273,34,1,0.617642784479,0.0,12.454212454212454,
2022-06-13,PAPUA,94,MAPPI,9414,103137,518,46,0,0.446008706865625,0.0,8.880308880308881,0.0
2022-06-13,PAPUA,94,MERAUKE,9401,237993,238,935,1066,3.92868697818843,0.106951871657754,392.8571428571428,2.987697715289982
2022-06-13,PAPUA,94,MIMIKA,9412,221808,224,1032,1131,4.65267258169227,0.387596899224806,460.71428571428567,10.071942446043163
2022-06-13,PAPUA,94,NABIRE,9404,148480,147,217,25,1.46147629310345,0.0,147.61904761904762,0.3690036900369003
2022-06-13,PAPUA,94,NDUGA,9429,114424,574,37,0,0.323358735929525,0.0,6.445993031358885,0.0
2022-06-13,PAPUA,94,PANIAI,9410,172138,861,19,0,0.110376558342725,0.0,2.206736353077817,0.0
2022-06-13,PAPUA,94,PEGUNUNGAN BINTANG,9417,77718,77,220,94,2.83074705988317,0.0,285.7142857142857,0.0
2022-06-13,PAPUA,94,PUNCAK,9433,114247,574,29,0,0.253835986940576,0.0,5.052264808362369,0.0
2022-06-13,PAPUA,94,PUNCAK JAYA,9411,131731,658,61,0,0.463064882222104,0.0,9.270516717325227,0.0
2022-06-13,PAPUA,94,SARMI,9419,40845,203,51,0,1.24862284245318,1.96078431372549,25.12315270935961,1.4705882352941175
2022-06-13,PAPUA,94,SUPIORI,9427,21170,21,48,1,2.26735947094946,0.0,228.57142857142856,0.0
2022-06-13,PAPUA,94,TOLIKARA,9418,151227,756,72,0,0.476105457358805,0.0,9.523809523809524,0.0
2022-06-13,PAPUA,94,WAROPEN,9426,33314,168,48,0,1.44083568469712,0.0,28.57142857142857,0.0
2022-06-13,PAPUA,94,YAHUKIMO,9416,198316,994,118,0,0.595009984065834,0.0,11.87122736418511,1.3605442176870748
2022-06-13,PAPUA,94,YALIMO,9432,68913,343,66,0,0.957729310870228,0.0,19.24198250728863,1.1764705882352942
2022-06-13,PAPUA BARAT,91,FAK FAK,9101,82512,413,296,368,3.58735699049835,1.01351351351351,71.67070217917676,25.44642857142857
2022-06-13,PAPUA BARAT,91,KAIMANA,9102,66558,70,61,13,0.916493885032603,0.0,87.14285714285714,2.409638554216868
2022-06-13,PAPUA BARAT,91,KOTA SORONG,9171,282373,280,923,1051,3.26872611758206,0.0,329.6428571428571,6.920415224913495
2022-06-13,PAPUA BARAT,91,MANOKWARI,9105,176243,175,623,1270,3.53489216592999,0.160513643659711,356.0,5.562130177514793
2022-06-13,PAPUA BARAT,91,MANOKWARI SELATAN,9111,27081,28,42,14,1.55090284701451,0.0,150.0,7.8125
2022-06-13,PAPUA BARAT,91,MAYBRAT,9110,44108,224,39,0,0.884193343611136,0.0,17.410714285714285,0.0
2022-06-13,PAPUA BARAT,91,PEGUNUNGAN ARFAK,9112,35467,175,31,0,0.874051935602109,0.0,17.71428571428571,
2022-06-13,PAPUA BARAT,91,RAJA AMPAT,9108,50350,49,64,5,1.27110228401192,0.0,130.6122448979592,0.0
2022-06-13,PAPUA BARAT,91,SORONG,9107,96050,98,201,358,2.09266007287871,0.0,205.1020408163265,0.0
2022-06-13,PAPUA BARAT,91,SORONG SELATAN,9106,50771,511,86,1,1.69388036477517,17.4418604651163,16.829745596868882,4.2105263157894735
2022-06-13,PAPUA BARAT,91,TAMBRAUW,9109,16129,14,43,0,2.66600533201066,2.32558139534884,307.1428571428572,1.5625
2022-06-13,PAPUA BARAT,91,TELUK BINTUNI,9104,69136,343,205,259,2.965170099514,2.92682926829268,59.7667638483965,8.504398826979472
2022-06-13,PAPUA BARAT,91,TELUK WONDAMA,9103,34898,35,175,80,5.0146140179953,0.0,500.0,1.3392857142857142
2022-06-13,RIAU,14,BENGKALIS,1408,570566,2856,708,667,1.24087309794134,0.0,24.789915966386555,2.171664943123061
2022-06-13,RIAU,14,INDRAGIRI HILIR,1403,723394,3619,341,304,0.471389035573975,0.0,9.422492401215806,2.197802197802198
2022-06-13,RIAU,14,INDRAGIRI HULU,1402,448630,2240,205,74,0.456946704411207,0.0,9.151785714285714,2.6490066225165565
2022-06-13,RIAU,14,KAMPAR,1406,896680,4480,528,162,0.588838827675425,0.0,11.785714285714285,4.891304347826087
2022-06-13,RIAU,14,KEPULAUAN MERANTI,1410,190032,952,75,7,0.394670371305885,0.0,7.878151260504201,0.9259259259259258
2022-06-13,RIAU,14,KOTA DUMAI,1473,313391,315,278,308,0.887070783781283,0.0,88.25396825396825,3.0848329048843186
2022-06-13,RIAU,14,KOTA PEKANBARU,1471,1179410,1176,1651,4301,1.39985246860718,0.121138703815869,140.39115646258503,3.29035126722988
2022-06-13,RIAU,14,KUANTAN SINGINGI,1401,323146,1617,151,44,0.467281043243611,0.0,9.338280766852195,1.6666666666666667
2022-06-13,RIAU,14,PELALAWAN,1404,539011,2695,196,47,0.363628942637534,0.0,7.272727272727272,3.558718861209965
2022-06-13,RIAU,14,ROKAN HILIR,1409,740453,3703,302,58,0.407858432608147,0.33112582781457,8.15554955441534,3.537735849056604
2022-06-13,RIAU,14,ROKAN HULU,1407,747415,3738,202,39,0.270264846169799,0.0,5.403959336543606,5.802047781569966
2022-06-13,RIAU,14,SIAK,1405,509172,2548,323,174,0.634363240712372,0.0,12.676609105180534,4.008908685968819
2022-06-13,SULAWESI BARAT,76,MAJENE,7601,176361,882,98,43,0.555678409625711,0.0,11.11111111111111,5.217391304347826
2022-06-13,SULAWESI BARAT,76,MAMASA,7603,163717,819,87,18,0.531404802189143,0.0,10.622710622710622,2.061855670103093
2022-06-13,SULAWESI BARAT,76,MAMUJU,7604,306140,1533,106,45,0.346246815182596,0.0,6.914546640574038,0.7936507936507936
2022-06-13,SULAWESI BARAT,76,MAMUJU TENGAH,7606,139876,700,48,24,0.343161085532901,4.16666666666667,6.857142857142858,10.526315789473683
2022-06-13,SULAWESI BARAT,76,PASANGKAYU,7605,183734,917,90,43,0.489838570977609,0.0,9.814612868047982,1.7857142857142856
2022-06-13,SULAWESI BARAT,76,POLEWALI MANDAR,7602,445302,2226,243,183,0.545697077488985,0.411522633744856,10.91644204851752,3.754266211604096
2022-06-13,SULAWESI SELATAN,73,BANTAENG,7303,190006,952,61,17,0.321042493394945,3.27868852459016,6.407563025210084,0.0
2022-06-13,SULAWESI SELATAN,73,BARRU,7310,175492,875,111,21,0.632507464727737,0.0,12.685714285714289,0.7936507936507936
2022-06-13,SULAWESI SELATAN,73,BONE,7311,759504,3801,545,322,0.717573574332722,0.18348623853211,14.338332017890028,0.8012820512820512
2022-06-13,SULAWESI SELATAN,73,BULUKUMBA,7302,423485,2114,177,15,0.417960494468517,0.0,8.37275307473983,2.272727272727273
2022-06-13,SULAWESI SELATAN,73,ENREKANG,7316,211464,1057,181,73,0.855937653690463,0.552486187845304,17.123935666982025,0.0
2022-06-13,SULAWESI SELATAN,73,GOWA,7306,789352,3948,483,263,0.611894313310158,0.20703933747412,12.23404255319149,12.111801242236025
2022-06-13,SULAWESI SELATAN,73,JENEPONTO,7304,368745,1841,145,15,0.393225670856554,0.689655172413793,7.8761542639869635,19.90740740740741
2022-06-13,SULAWESI SELATAN,73,KEPULAUAN SELAYAR,7301,136996,686,46,2,0.335776227043125,0.0,6.705539358600583,1.7241379310344829
2022-06-13,SULAWESI SELATAN,73,KOTA MAKASSAR,7371,1571814,1575,2273,6077,1.44609985659881,0.351957765068192,144.3174603174603,4.414856341976174
2022-06-13,SULAWESI SELATAN,73,KOTA PALOPO,7373,190822,952,152,132,0.796553856473572,0.0,15.966386554621849,0.5
2022-06-13,SULAWESI SELATAN,73,KOTA PARE PARE,7372,148378,742,105,94,0.707652077801291,0.0,14.150943396226417,2.307692307692308
2022-06-13,SULAWESI SELATAN,73,LUWU,7317,372916,1862,222,22,0.595308326808182,0.0,11.92266380236305,2.166064981949458
2022-06-13,SULAWESI SELATAN,73,LUWU TIMUR,7325,308072,1540,206,127,0.668674855228648,0.485436893203883,13.376623376623376,1.1583011583011582
2022-06-13,SULAWESI SELATAN,73,LUWU UTARA,7322,320380,1603,119,35,0.371433922217367,0.0,7.423580786026202,0.0
2022-06-13,SULAWESI SELATAN,73,MAROS,7308,360062,1799,364,325,1.01093700529353,0.824175824175824,20.23346303501945,3.146067415730337
2022-06-13,SULAWESI SELATAN,73,PANGKAJENE KEPULAUAN,7309,341969,1708,168,97,0.491272600732815,0.0,9.836065573770492,1.0
2022-06-13,SULAWESI SELATAN,73,PINRANG,7315,383162,1918,173,18,0.451506151445081,1.15606936416185,9.019812304483835,1.4423076923076923
2022-06-13,SULAWESI SELATAN,73,SIDENRENG RAPPANG,7314,304868,1526,127,31,0.41657373027015,0.78740157480315,8.322411533420707,2.564102564102564
2022-06-13,SULAWESI SELATAN,73,SINJAI,7307,246510,1232,192,173,0.778873068029695,0.0,15.584415584415584,0.8658008658008658
2022-06-13,SULAWESI SELATAN,73,SOPPENG,7312,229886,1148,99,28,0.430648234342239,0.0,8.623693379790941,0.8333333333333334
2022-06-13,SULAWESI SELATAN,73,TAKALAR,7305,300447,1505,160,359,0.532539848958385,0.625,10.6312292358804,55.95238095238096
2022-06-13,SULAWESI SELATAN,73,TANA TORAJA,7318,241078,238,260,237,1.078489119704,0.0,109.2436974789916,0.6514657980456027
2022-06-13,SULAWESI SELATAN,73,TORAJA UTARA,7326,239024,1197,178,69,0.744695093379744,0.561797752808989,14.870509607351712,2.727272727272727
2022-06-13,SULAWESI SELATAN,73,WAJO,7313,407844,2037,198,112,0.485479742254391,0.0,9.72017673048601,0.4184100418410041
2022-06-13,SULAWESI TENGAH,72,BANGGAI,7202,390892,1953,151,126,0.386295958986114,0.0,7.731694828469022,3.783783783783784
2022-06-13,SULAWESI TENGAH,72,BANGGAI KEPULAUAN,7201,119719,602,35,61,0.292351255857466,0.0,5.813953488372093,61.61616161616161
2022-06-13,SULAWESI TENGAH,72,BANGGAI LAUT,7211,78681,392,31,63,0.393996009201713,0.0,7.908163265306123,53.03030303030303
2022-06-13,SULAWESI TENGAH,72,BUOL,7207,170761,854,57,33,0.333799872336189,0.0,6.674473067915692,0.0
2022-06-13,SULAWESI TENGAH,72,DONGGALA,7205,308606,1540,165,124,0.534662320240047,0.0,10.714285714285714,11.842105263157894
2022-06-13,SULAWESI TENGAH,72,KOTA PALU,7271,405069,2023,532,931,1.31335648988197,0.37593984962406,26.29757785467128,5.467625899280575
2022-06-13,SULAWESI TENGAH,72,MOROWALI,7203,126530,630,136,72,1.07484391053505,0.0,21.58730158730159,1.6666666666666667
2022-06-13,SULAWESI TENGAH,72,MOROWALI UTARA,7212,135552,679,48,10,0.354107648725212,0.0,7.069219440353461,1.7241379310344829
2022-06-13,SULAWESI TENGAH,72,PARIGI MOUTONG,7208,511962,2562,92,16,0.179700837171509,2.17391304347826,3.590944574551132,1.818181818181818
2022-06-13,SULAWESI TENGAH,72,POSO,7204,269873,1351,124,94,0.459475382865274,0.806451612903226,9.17838638045892,7.926829268292683
2022-06-13,SULAWESI TENGAH,72,SIGI,7210,243890,1218,120,93,0.492025093279757,0.0,9.852216748768472,30.5
2022-06-13,SULAWESI TENGAH,72,TOJO UNA UNA,7209,157464,784,130,141,0.825585530660977,0.769230769230769,16.581632653061224,0.0
2022-06-13,SULAWESI TENGAH,72,TOLI TOLI,7206,240750,1204,73,35,0.303219106957425,1.36986301369863,6.06312292358804,8.16326530612245
2022-06-13,SULAWESI TENGGARA,74,BOMBANA,7406,188226,938,64,4,0.340016788328924,0.0,6.823027718550106,2.5
2022-06-13,SULAWESI TENGGARA,74,BUTON,7401,102629,511,140,49,1.36413684241296,0.0,27.3972602739726,0.0
2022-06-13,SULAWESI TENGGARA,74,BUTON SELATAN,7415,80329,399,105,18,1.30712445069651,0.952380952380952,26.31578947368421,0.0
2022-06-13,SULAWESI TENGGARA,74,BUTON TENGAH,7414,93510,469,115,43,1.22981499304887,0.0,24.520255863539443,0.7633587786259541
2022-06-13,SULAWESI TENGGARA,74,BUTON UTARA,7409,64203,322,36,4,0.560721461613943,0.0,11.180124223602483,4.878048780487805
2022-06-13,SULAWESI TENGGARA,74,KOLAKA,7404,275392,1379,198,196,0.718975133627702,0.0,14.358230601885424,0.390625
2022-06-13,SULAWESI TENGGARA,74,KOLAKA TIMUR,7411,143194,714,72,30,0.502814363730324,0.0,10.084033613445378,0.0
2022-06-13,SULAWESI TENGGARA,74,KOLAKA UTARA,7408,158378,791,61,8,0.385154503782091,0.0,7.711757269279393,0.0
2022-06-13,SULAWESI TENGGARA,74,KONAWE,7403,252223,1260,178,344,0.70572469600314,0.0,14.126984126984128,0.4761904761904762
2022-06-13,SULAWESI TENGGARA,74,KONAWE KEPULAUAN,7412,33948,168,12,0,0.353481795687522,0.0,7.142857142857142,0.0
2022-06-13,SULAWESI TENGGARA,74,KONAWE SELATAN,7405,323998,1617,126,29,0.388891289452404,0.793650793650794,7.792207792207792,1.282051282051282
2022-06-13,SULAWESI TENGGARA,74,KONAWE UTARA,7410,66039,329,32,4,0.484562152667363,0.0,9.72644376899696,5.555555555555555
2022-06-13,SULAWESI TENGGARA,74,KOTA BAU BAU,7472,174366,175,332,802,1.90404092540977,0.0,189.7142857142857,0.7672634271099744
2022-06-13,SULAWESI TENGGARA,74,KOTA KENDARI,7471,411834,413,657,1227,1.59530296187299,0.76103500761035,159.07990314769975,2.4043715846994536
2022-06-13,SULAWESI TENGGARA,74,MUNA,7402,227729,1141,118,35,0.518159742500955,0.0,10.341805433829974,2.2058823529411766
2022-06-13,SULAWESI TENGGARA,74,MUNA BARAT,7413,83656,420,27,1,0.322750310796596,0.0,6.428571428571428,0.0
2022-06-13,SULAWESI TENGGARA,74,WAKATOBI,7407,103228,518,808,821,7.82733366915953,0.247524752475248,155.98455598455598,0.0980392156862745
2022-06-13,SULAWESI UTARA,71,BOLAANG MONGONDOW,7101,255722,1281,114,7,0.445796607253189,0.0,8.899297423887589,1.3605442176870748
2022-06-13,SULAWESI UTARA,71,BOLAANG MONGONDOW SELATAN,7110,68167,343,17,4,0.249387533557293,0.0,4.956268221574344,
2022-06-13,SULAWESI UTARA,71,BOLAANG MONGONDOW TIMUR,7111,74026,371,22,6,0.297192878177937,0.0,5.929919137466308,2.4390243902439024
2022-06-13,SULAWESI UTARA,71,BOLAANG MONGONDOW UTARA,7107,82353,413,23,8,0.279285514796061,0.0,5.569007263922518,0.0
2022-06-13,SULAWESI UTARA,71,KEPULAUAN SANGIHE,7103,132369,665,53,10,0.400395863079724,0.0,7.969924812030076,0.0
2022-06-13,SULAWESI UTARA,71,KEPULAUAN TALAUD,7104,93774,469,41,1,0.437221404653742,0.0,8.742004264392325,1.851851851851852
2022-06-13,SULAWESI UTARA,71,KOTA BITUNG,7172,226380,1134,243,290,1.07341637953883,0.0,21.428571428571427,0.6006006006006006
2022-06-13,SULAWESI UTARA,71,KOTA KOTAMOBAGU,7174,134136,672,89,99,0.663505695711815,0.0,13.24404761904762,1.3986013986013983
2022-06-13,SULAWESI UTARA,71,KOTA MANADO,7171,433879,434,711,1730,1.63870572210224,0.140646976090014,163.82488479262673,0.8530805687203791
2022-06-13,SULAWESI UTARA,71,KOTA TOMOHON,7173,110424,553,285,373,2.58096066072593,0.0,51.5370705244123,2.2535211267605635
2022-06-13,SULAWESI UTARA,71,MINAHASA,7102,345703,1729,343,272,0.992181149715218,0.0,19.838056680161944,7.854406130268199
2022-06-13,SULAWESI UTARA,71,MINAHASA SELATAN,7105,212083,210,315,335,1.48526756034194,0.634920634920635,150.0,16.519823788546255
2022-06-13,SULAWESI UTARA,71,MINAHASA TENGGARA,7109,107074,105,83,14,0.775164839270038,0.0,79.04761904761905,0.8130081300813009
2022-06-13,SULAWESI UTARA,71,MINAHASA UTARA,7106,204856,1022,165,53,0.805443823954387,0.0,16.14481409001957,1.2096774193548387
2022-06-13,SULAWESI UTARA,71,SITARO,7108,67392,336,43,14,0.638057929724596,0.0,12.797619047619047,2.8169014084507045
2022-06-13,SUMATERA BARAT,13,AGAM,1307,504126,2520,177,50,0.351102700515347,0.564971751412429,7.023809523809524,11.38211382113821
2022-06-13,SUMATERA BARAT,13,DHARMASRAYA,1311,273265,1365,209,210,0.764825352679633,0.0,15.311355311355312,9.787234042553193
2022-06-13,SUMATERA BARAT,13,KEPULAUAN MENTAWAI,1301,98816,497,19,8,0.192276554404145,0.0,3.8229376257545273,30.55555555555556
2022-06-13,SUMATERA BARAT,13,KOTA BUKITTINGGI,1375,138716,693,91,127,0.656016609475475,0.0,13.131313131313131,5.128205128205128
2022-06-13,SUMATERA BARAT,13,KOTA PADANG,1371,997356,994,889,1315,0.891356747239702,0.449943757030371,89.43661971830986,16.735028712059062
2022-06-13,SUMATERA BARAT,13,KOTA PADANG PANJANG,1374,56370,280,28,22,0.496718112471173,0.0,10.0,22.0
2022-06-13,SUMATERA BARAT,13,KOTA PARIAMAN,1377,92249,462,35,47,0.379407906860779,0.0,7.575757575757576,16.3265306122449
2022-06-13,SUMATERA BARAT,13,KOTA PAYAKUMBUH,1376,143283,714,162,180,1.13062959318272,0.0,22.689075630252105,11.961722488038278
2022-06-13,SUMATERA BARAT,13,KOTA SAWAHLUNTO,1373,64470,322,29,10,0.449821622460059,0.0,9.006211180124224,11.627906976744184
2022-06-13,SUMATERA BARAT,13,KOTA SOLOK,1372,75794,378,76,65,1.00271789323693,0.0,20.105820105820104,6.315789473684211
2022-06-13,SUMATERA BARAT,13,LIMA PULUH KOTA,1308,395175,1974,92,6,0.232808249509711,0.0,4.660587639311044,16.793893129770993
2022-06-13,SUMATERA BARAT,13,PADANG PARIAMAN,1306,423600,2121,115,130,0.27148253068933,0.0,5.421970768505422,19.526627218934912
2022-06-13,SUMATERA BARAT,13,PASAMAN,1309,291850,1456,41,5,0.140483124892924,0.0,2.815934065934066,12.280701754385964
2022-06-13,SUMATERA BARAT,13,PASAMAN BARAT,1312,477478,2387,81,42,0.16964132378874,0.0,3.393380812735652,21.153846153846157
2022-06-13,SUMATERA BARAT,13,PESISIR SELATAN,1302,476075,2380,148,67,0.310875387281416,0.0,6.218487394957983,9.550561797752808
2022-06-13,SUMATERA BARAT,13,SIJUNJUNG,1304,252275,1260,39,5,0.154593201863046,0.0,3.095238095238096,29.09090909090909
2022-06-13,SUMATERA BARAT,13,SOLOK,1303,381939,1911,69,2,0.180657120639683,0.0,3.610675039246468,18.08510638297873
2022-06-13,SUMATERA BARAT,13,SOLOK SELATAN,1310,182347,910,33,9,0.180973638173373,0.0,3.626373626373627,13.043478260869565
2022-06-13,SUMATERA BARAT,13,TANAH DATAR,1305,350173,1750,197,126,0.562579068060644,0.50761421319797,11.257142857142858,9.67741935483871
2022-06-13,SUMATERA SELATAN,16,BANYUASIN,1607,888470,4445,584,179,0.657309757223091,0.0,13.138357705286838,2.73972602739726
2022-06-13,SUMATERA SELATAN,16,EMPAT LAWANG,1611,258868,1295,93,0,0.359256455027273,0.0,7.181467181467181,2.6785714285714284
2022-06-13,SUMATERA SELATAN,16,KOTA LUBUK LINGGAU,1674,242800,1211,153,24,0.630148270181219,0.0,12.63418662262593,1.5706806282722512
2022-06-13,SUMATERA SELATAN,16,KOTA PAGAR ALAM,1673,142627,714,106,60,0.743197290835536,0.0,14.84593837535014,0.8064516129032258
2022-06-13,SUMATERA SELATAN,16,KOTA PALEMBANG,1671,1739429,1736,3006,6526,1.72815331927891,0.29940119760479,173.15668202764977,2.884360942048161
2022-06-13,SUMATERA SELATAN,16,KOTA PRABUMULIH,1672,196812,196,356,428,1.80883279474829,0.280898876404494,181.6326530612245,0.6622516556291391
2022-06-13,SUMATERA SELATAN,16,LAHAT,1604,419863,2100,348,234,0.828841788869226,0.0,16.57142857142857,3.095238095238096
2022-06-13,SUMATERA SELATAN,16,MUARA ENIM,1603,663552,3318,548,342,0.825858410493827,0.182481751824818,16.515973477998795,0.7462686567164178
2022-06-13,SUMATERA SELATAN,16,MUSI BANYUASIN,1606,675437,3374,456,272,0.675118478851469,0.0,13.515115589804386,0.4909983633387889
2022-06-13,SUMATERA SELATAN,16,MUSI RAWAS,1605,419433,2100,166,107,0.395772387961844,0.0,7.904761904761905,1.5544041450777202
2022-06-13,SUMATERA SELATAN,16,MUSI RAWAS UTARA,1613,199229,994,47,11,0.23590943085595,0.0,4.728370221327968,8.620689655172415
2022-06-13,SUMATERA SELATAN,16,OGAN ILIR,1610,443415,2219,365,145,0.823156636559431,0.0,16.448850833708878,2.702702702702702
2022-06-13,SUMATERA SELATAN,16,OGAN KOMERING ILIR,1602,862963,4312,265,4,0.307081531884913,0.0,6.145640074211503,3.003003003003003
2022-06-13,SUMATERA SELATAN,16,OGAN KOMERING ULU,1601,381741,1911,122,15,0.319588412038529,0.0,6.384092098377812,3.289473684210526
2022-06-13,SUMATERA SELATAN,16,OGAN KOMERING ULU SELATAN,1608,376006,1883,93,0,0.247336478673213,0.0,4.938927243759958,1.7699115044247788
2022-06-13,SUMATERA SELATAN,16,OGAN KOMERING ULU TIMUR,1609,695212,3479,205,43,0.294874081575117,0.0,5.892497844208106,0.8064516129032258
2022-06-13,SUMATERA SELATAN,16,PENUKAL ABAB LEMATANG ILIR,1612,197356,987,185,191,0.937392326557085,0.0,18.74366767983789,0.0
2022-06-13,SUMATERA UTARA,12,ASAHAN,1208,747618,3738,240,142,0.321019558116578,0.0,6.420545746388442,18.933333333333334
2022-06-13,SUMATERA UTARA,12,BATU BARA,1219,429432,2149,476,581,1.10844091730472,0.210084033613445,22.149837133550488,8.282208588957054
2022-06-13,SUMATERA UTARA,12,DAIRI,1210,286237,1428,132,10,0.461156314522581,0.0,9.243697478991598,3.205128205128205
2022-06-13,SUMATERA UTARA,12,DELI SERDANG,1212,2366885,11837,1396,1140,0.589804743365225,0.0716332378223496,11.79352876573456,2.1449275362318843
2022-06-13,SUMATERA UTARA,12,HUMBANG HASUNDUTAN,1215,195989,980,79,13,0.403083846542408,0.0,8.061224489795919,3.8461538461538463
2022-06-13,SUMATERA UTARA,12,KARO,1211,441403,2205,205,28,0.464428198267796,0.0,9.297052154195011,2.3166023166023164
2022-06-13,SUMATERA UTARA,12,KOTA BINJAI,1276,287050,1435,397,404,1.38303431457934,0.0,27.665505226480835,1.6032064128256511
2022-06-13,SUMATERA UTARA,12,KOTA GUNUNGSITOLI,1278,147935,742,80,49,0.540778044411397,0.0,10.781671159029653,1.9230769230769231
2022-06-13,SUMATERA UTARA,12,KOTA MEDAN,1275,2331134,2331,3427,6924,1.47009995993366,0.262620367668515,147.018447018447,3.790154841691704
2022-06-13,SUMATERA UTARA,12,KOTA PADANGSIDIMPUAN,1277,233461,1169,266,221,1.13937659823268,0.0,22.75449101796407,1.020408163265306
2022-06-13,SUMATERA UTARA,12,KOTA PEMATANGSIANTAR,1273,260934,1302,226,427,0.866119401841079,0.442477876106195,17.357910906298002,33.789954337899545
2022-06-13,SUMATERA UTARA,12,KOTA SIBOLGA,1271,87681,441,88,375,1.00363818843307,0.0,19.954648526077097,2.752293577981652
2022-06-13,SUMATERA UTARA,12,KOTA TANJUNG BALAI,1272,182386,910,115,84,0.630530852148739,0.869565217391304,12.637362637362637,5.442176870748299
2022-06-13,SUMATERA UTARA,12,KOTA TEBING TINGGI,1274,170912,168,321,447,1.87815952068901,0.311526479750779,191.07142857142856,1.9559902200489
2022-06-13,SUMATERA UTARA,12,LABUHANBATU,1207,526074,2632,154,193,0.292734482221132,0.0,5.851063829787234,35.98615916955018
2022-06-13,SUMATERA UTARA,12,LABUHANBATU SELATAN,1222,364835,1827,186,141,0.509819507448573,0.0,10.180623973727425,7.758620689655173
2022-06-13,SUMATERA UTARA,12,LABUHANBATU UTARA,1223,373943,1869,118,6,0.315556114167132,0.847457627118644,6.313536650615302,15.822784810126585
2022-06-13,SUMATERA UTARA,12,LANGKAT,1213,1059352,5299,439,44,0.414404277331803,0.0,8.284581996603132,1.0296010296010296
2022-06-13,SUMATERA UTARA,12,MANDAILING NATAL,1202,460355,2303,411,2882,0.892789260462035,0.0,17.846287451150673,73.01943198804184
2022-06-13,SUMATERA UTARA,12,NIAS,1201,145286,728,66,7,0.454276392770122,0.0,9.065934065934066,1.2195121951219512
2022-06-13,SUMATERA UTARA,12,NIAS BARAT,1225,82553,413,38,11,0.4603103460807,0.0,9.20096852300242,0.0
2022-06-13,SUMATERA UTARA,12,NIAS SELATAN,1214,329349,329,472,607,1.43313020534448,0.0,143.46504559270517,13.77245508982036
2022-06-13,SUMATERA UTARA,12,NIAS UTARA,1224,140690,700,68,6,0.483332148695714,0.0,9.714285714285714,0.0
2022-06-13,SUMATERA UTARA,12,PADANG LAWAS,1221,305306,1526,78,11,0.255481385888256,0.0,5.111402359108781,18.34862385321101
2022-06-13,SUMATERA UTARA,12,PADANG LAWAS UTARA,1220,293240,1463,64,56,0.218251261765107,0.0,4.3745727956254274,47.096774193548384
2022-06-13,SUMATERA UTARA,12,PAKPAK BHARAT,1216,52510,56,86,92,1.63778327937536,0.0,153.57142857142858,0.9803921568627452
2022-06-13,SUMATERA UTARA,12,SAMOSIR,1217,127237,126,82,18,0.644466625274095,0.0,65.07936507936508,11.711711711711713
2022-06-13,SUMATERA UTARA,12,SERDANG BEDAGAI,1218,616656,616,724,592,1.17407436236735,0.0,117.53246753246754,1.0180995475113122
2022-06-13,SUMATERA UTARA,12,SIMALUNGUN,1209,877706,4389,462,3810,0.526372156507988,0.0,10.526315789473683,86.07332257320729
2022-06-13,SUMATERA UTARA,12,TAPANULI SELATAN,1203,285769,1428,127,89,0.444414894547694,0.0,8.893557422969188,6.58682634730539
2022-06-13,SUMATERA UTARA,12,TAPANULI TENGAH,1204,403884,2016,198,67,0.49023977181567,0.0,9.821428571428571,2.702702702702702
2022-06-13,SUMATERA UTARA,12,TAPANULI UTARA,1205,307943,1540,174,72,0.565039633958233,0.0,11.298701298701298,2.7649769585253456
2022-06-13,SUMATERA UTARA,12,TOBA SAMOSIR,1206,185481,182,155,91,0.835665108555593,0.0,85.16483516483517,5.555555555555555
