Kabupaten/ Kota,provinsi (plot_tk_kab),Tanggal,Jumlah Penduduk,Target orang diperiksa/ minggu (7 hari terakhir) (Inmendagri),Orang diperiksa/ minggu (7 hari terakhir),Spesimen diperiksa/minggu (7 hari terakhir),Orang diperiksa per 1000 penduduk/ minggu (7 hari terakhir),Positivity Rate (%) (7 hari terakhir),% Capaian (orang diperiksa/minggu dibagi target orang/minggu) (7 hari terakhir),% Pemeriksaan suspek dan kontak erat dibagi orang diperiksa/minggu (7 hari terakhir)
ACEH BARAT,ACEH,03/03/2023,218171,1078,14,0,0.0641698484216509,0.0,1.2987012987012987,0.0
ACEH BARAT DAYA,ACEH,03/03/2023,158019,777,6,4,0.0379701175175137,0.0,0.7722007722007722,14.285714285714285
ACEH BESAR,ACEH,03/03/2023,442065,2184,54,7,0.122153981880493,1.85185185185185,2.4725274725274726,3.389830508474576
ACEH JAYA,ACEH,03/03/2023,98816,490,19,9,0.192276554404145,0.0,3.877551020408163,
ACEH SELATAN,ACEH,03/03/2023,251633,2485,4,0,0.0158961662421066,0.0,0.16096579476861167,0.0
ACEH SINGKIL,ACEH,03/03/2023,129001,637,3,0,0.0232556336772583,0.0,0.47095761381475665,0.0
ACEH TAMIANG,ACEH,03/03/2023,307662,1519,23,20,0.0747573636003146,0.0,1.5141540487162608,7.6923076923076925
ACEH TENGAH,ACEH,03/03/2023,220975,1092,10,6,0.0452539880076932,10.0,0.9157509157509158,15.384615384615385
ACEH TENGGARA,ACEH,03/03/2023,225273,1113,11,0,0.0488296422562846,0.0,0.9883198562443846,0.0
ACEH TIMUR,ACEH,03/03/2023,454438,4480,6,1,0.0132031212178559,0.0,0.13392857142857142,0.0
ACEH UTARA,ACEH,03/03/2023,643469,3185,14,17,0.0217570698821544,0.0,0.43956043956043955,0.0
AGAM,SUMATERA BARAT,03/03/2023,507351,2520,44,4,0.086724969498434,0.0,1.746031746031746,4.166666666666666
ALOR,NTT,03/03/2023,210123,1043,26,7,0.123737049252105,0.0,2.4928092042186005,0.0
ASAHAN,SUMATERA UTARA,03/03/2023,752396,7476,81,140,0.107656074726607,0.0,1.0834670947030496,53.216374269005854
ASMAT,PAPUA,03/03/2023,105558,518,3,0,0.0284203944750753,0.0,0.5791505791505791,16.666666666666664
BADUNG,BALI,03/03/2023,744765,3640,1285,769,1.72537646103133,0.700389105058366,35.3021978021978,1.03026400515132
BALANGAN,KALIMANTAN SELATAN,03/03/2023,135996,1344,40,18,0.294126297832289,0.0,2.976190476190476,4.545454545454546
BANDUNG,JAWA BARAT,03/03/2023,3847117,19054,1724,1485,0.448127779841372,1.50812064965197,9.047968930408313,7.57884028484232
BANDUNG BARAT,JAWA BARAT,03/03/2023,1706900,8491,788,468,0.461655633018923,1.77664974619289,9.28041455658933,8.505997818974919
BANGGAI,SULAWESI TENGAH,03/03/2023,395851,1953,50,26,0.126310152052161,2.0,2.5601638504864312,7.142857142857142
BANGGAI KEPULAUAN,SULAWESI TENGAH,03/03/2023,120257,602,26,45,0.216203630557889,0.0,4.318936877076411,
BANGGAI LAUT,SULAWESI TENGAH,03/03/2023,79976,392,2,7,0.0250075022506752,0.0,0.5102040816326531,55.55555555555556
BANGKA,KEP. BANGKA BELITUNG,03/03/2023,345527,343,206,192,0.596190746309261,0.970873786407767,60.05830903790087,1.345291479820628
BANGKA BARAT,KEP. BANGKA BELITUNG,03/03/2023,218524,1078,55,12,0.251688601709652,1.81818181818182,5.1020408163265305,1.639344262295082
BANGKA SELATAN,KEP. BANGKA BELITUNG,03/03/2023,214921,1064,30,4,0.139586173524225,6.66666666666667,2.819548872180451,25.64102564102564
BANGKA TENGAH,KEP. BANGKA BELITUNG,03/03/2023,200830,994,62,63,0.308718816909824,1.61290322580645,6.237424547283702,27.380952380952383
BANGKALAN,JAWA TIMUR,03/03/2023,1018075,5054,236,52,0.231810033641922,0.847457627118644,4.669568658488326,2.3166023166023164
BANGLI,BALI,03/03/2023,232095,1155,170,119,0.73245869148409,0.0,14.71861471861472,11.049723756906078
BANJAR,KALIMANTAN SELATAN,03/03/2023,607164,3003,67,82,0.110349098431396,0.0,2.231102231102231,1.4492753623188406
BANJARNEGARA,JAWA TENGAH,03/03/2023,933377,9303,18,10,0.0192848120320085,16.6666666666667,0.19348597226701064,5.7324840764331215
BANTAENG,SULAWESI SELATAN,03/03/2023,190772,952,14,6,0.0733860314930912,0.0,1.4705882352941175,6.25
BANTUL,DI YOGYAKARTA,03/03/2023,1078404,5320,443,259,0.410792244835887,1.35440180586907,8.327067669172934,2.2916666666666665
BANYUASIN,SUMATERA SELATAN,03/03/2023,898649,4445,344,50,0.382796842816272,0.290697674418605,7.7390326209223845,0.8042895442359249
BANYUMAS,JAWA TENGAH,03/03/2023,1730767,8596,113,68,0.0652889730391208,0.0,1.314564913913448,3.5767511177347244
BANYUWANGI,JAWA TIMUR,03/03/2023,1629172,8127,321,232,0.197032603064624,1.24610591900312,3.949796973052787,6.388888888888888
BARITO KUALA,KALIMANTAN SELATAN,03/03/2023,320133,1589,162,78,0.506039677259139,0.0,10.195091252359974,
BARITO SELATAN,KALIMANTAN TENGAH,03/03/2023,141528,1407,39,11,0.275563846023402,0.0,2.771855010660981,0.0
BARITO TIMUR,KALIMANTAN TENGAH,03/03/2023,130007,1281,16,1,0.123070296214819,0.0,1.249024199843872,
BARITO UTARA,KALIMANTAN TENGAH,03/03/2023,133586,133,105,125,0.786010510083392,0.0,78.94736842105263,3.6363636363636362
BARRU,SULAWESI SELATAN,03/03/2023,175924,875,40,0,0.227370910165753,0.0,4.571428571428571,0.0
BATANG,JAWA TENGAH,03/03/2023,785195,3899,5,4,0.00636784493024026,0.0,0.12823800974608873,4.3478260869565215
BATANGHARI,JAMBI,03/03/2023,274117,1365,31,4,0.113090395706943,0.0,2.271062271062271,0.0
BATU BARA,SUMATERA UTARA,03/03/2023,432925,427,67,32,0.154761217300918,0.0,15.690866510538642,13.580246913580247
BEKASI,JAWA BARAT,03/03/2023,4166696,20216,1481,1496,0.355437497720016,1.75557056043214,7.325880490700436,3.7492677211482133
BELITUNG,KEP. BANGKA BELITUNG,03/03/2023,194384,959,68,2,0.349823030702115,0.0,7.090719499478623,7.59493670886076
BELITUNG TIMUR,KEP. BANGKA BELITUNG,03/03/2023,132547,658,17,7,0.128256392072246,0.0,2.5835866261398177,16.0
BELU,NTT,03/03/2023,232794,1148,77,37,0.330764538604947,0.0,6.707317073170732,0.0
BENER MERIAH,ACEH,03/03/2023,154463,763,3,0,0.0194221269818662,0.0,0.39318479685452157,20.0
BENGKALIS,RIAU,03/03/2023,573164,2856,171,106,0.298343929486151,0.584795321637427,5.987394957983193,7.179487179487179
BENGKAYANG,KALIMANTAN BARAT,03/03/2023,269707,1330,79,48,0.292910454678596,2.53164556962025,5.939849624060151,2.4096385542168677
BENGKULU SELATAN,BENGKULU,03/03/2023,183088,896,26,19,0.142008214629031,0.0,2.9017857142857144,0.0
BENGKULU TENGAH,BENGKULU,03/03/2023,117380,581,11,2,0.0937127278923156,0.0,1.8932874354561102,8.333333333333332
BENGKULU UTARA,BENGKULU,03/03/2023,312967,308,70,87,0.223665753897376,0.0,22.727272727272727,31.132075471698112
BERAU,KALIMANTAN TIMUR,03/03/2023,240424,238,212,168,0.881775529897182,0.471698113207547,89.07563025210085,0.8771929824561403
BIAK NUMFOR,PAPUA,03/03/2023,152123,154,9,9,0.0591626512756125,0.0,5.844155844155844,
BIMA,NTB,03/03/2023,520986,2576,44,77,0.0844552444787384,0.0,1.7080745341614907,57.95454545454546
BINTAN,KEP. RIAU,03/03/2023,167625,833,101,66,0.602535421327368,0.0,12.12484993997599,1.8518518518518516
BIREUEN,ACEH,03/03/2023,490248,2422,11,4,0.0224376234069287,0.0,0.45417010734929814,
BLITAR,JAWA TIMUR,03/03/2023,1173198,5852,409,322,0.34861975557408,2.44498777506112,6.989063568010937,4.3383947939262475
BLORA,JAWA TENGAH,03/03/2023,867525,4333,68,25,0.0783839082447192,0.0,1.5693514885760442,5.69620253164557
BOALEMO,GORONTALO,03/03/2023,174497,1715,5,0,0.0286537877442019,0.0,0.2915451895043732,0.0
BOGOR,JAWA BARAT,03/03/2023,6262797,30828,2645,2063,0.422335260108223,1.73913043478261,8.57986246269625,10.693374422187981
BOJONEGORO,JAWA TIMUR,03/03/2023,1259078,6286,376,300,0.298631220623345,0.0,5.981546293350302,7.322654462242563
BOLAANG MONGONDOW,SULAWESI UTARA,03/03/2023,258726,1281,7,0,0.027055649606147,0.0,0.546448087431694,
BOLAANG MONGONDOW SELATAN,SULAWESI UTARA,03/03/2023,74714,1022,0,0,0.0,0.0,0.0,
BOLAANG MONGONDOW TIMUR,SULAWESI UTARA,03/03/2023,68959,371,0,0,0.0,0.0,0.0,
BOLAANG MONGONDOW UTARA,SULAWESI UTARA,03/03/2023,83129,413,4,2,0.0481179852999555,0.0,0.9685230024213075,
BOMBANA,SULAWESI TENGGARA,03/03/2023,192132,938,11,0,0.0572523057064935,0.0,1.1727078891257996,0.0
BONDOWOSO,JAWA TIMUR,03/03/2023,788512,7854,110,133,0.139503266912869,0.909090909090909,1.400560224089636,5.833333333333333
BONE,SULAWESI SELATAN,03/03/2023,761105,3801,70,9,0.0919715413773395,1.42857142857143,1.841620626151013,2.3529411764705883
BONE BOLANGO,GORONTALO,03/03/2023,159500,791,9,0,0.0564263322884013,0.0,1.1378002528445006,0.0
BOVEN DIGOEL,PAPUA,03/03/2023,72236,1064,7,0,0.0969045905088875,14.2857142857143,0.6578947368421052,0.0
BOYOLALI,JAWA TENGAH,03/03/2023,994052,4956,109,17,0.109652211353128,2.75229357798165,2.199354317998386,12.45136186770428
BREBES,JAWA TENGAH,03/03/2023,1814324,9058,24,3,0.0132280673132252,8.33333333333333,0.2649591521307132,5.144694533762058
BULELENG,BALI,03/03/2023,675747,3360,449,394,0.664449860672707,1.11358574610245,13.363095238095237,8.384458077709612
BULUKUMBA,SULAWESI SELATAN,03/03/2023,424924,2114,43,5,0.101194566557784,2.32558139534884,2.034058656575213,0.0
BULUNGAN,KALIMANTAN UTARA,03/03/2023,135751,679,86,94,0.63351282863478,0.0,12.665684830633284,9.090909090909092
BUNGO,JAMBI,03/03/2023,391949,1932,32,15,0.0816432750179232,0.0,1.6563146997929608,0.0
BUOL,SULAWESI TENGAH,03/03/2023,173874,854,12,3,0.0690154939783982,0.0,1.405152224824356,0.0
BURU,MALUKU,03/03/2023,153154,749,8,0,0.0522350052887943,0.0,1.0680907877169559,0.0
BURU SELATAN,MALUKU,03/03/2023,64051,315,4,0,0.0624502349690091,0.0,1.2698412698412698,0.0
BUTON,SULAWESI TENGGARA,03/03/2023,102848,511,14,0,0.136123210952085,0.0,2.73972602739726,
BUTON SELATAN,SULAWESI TENGGARA,03/03/2023,80464,399,10,0,0.124279180751641,0.0,2.506265664160401,0.0
BUTON TENGAH,SULAWESI TENGGARA,03/03/2023,93742,469,13,2,0.138678500565382,0.0,2.771855010660981,
BUTON UTARA,SULAWESI TENGGARA,03/03/2023,64773,322,5,1,0.0771926574344248,0.0,1.5527950310559007,
CIAMIS,JAWA BARAT,03/03/2023,1225011,1218,170,14,0.138774264067833,0.588235294117647,13.957307060755337,3.6269430051813467
CIANJUR,JAWA BARAT,03/03/2023,2352318,11704,260,106,0.110529273678134,1.15384615384615,2.221462747778537,17.847025495750707
CILACAP,JAWA TENGAH,03/03/2023,1738563,17339,36,101,0.0207067560968455,5.55555555555556,0.2076244304746525,12.307692307692308
CIREBON,JAWA BARAT,03/03/2023,2228100,2219,817,496,0.366680131053364,0.367197062423501,36.81838666065795,5.483870967741936
DAIRI,SUMATERA UTARA,03/03/2023,286786,1428,30,3,0.104607616829273,0.0,2.100840336134454,3.0303030303030303
DEIYAI,PAPUA,03/03/2023,78313,385,2,0,0.0255385440476038,0.0,0.5194805194805194,
DELI SERDANG,SUMATERA UTARA,03/03/2023,2415031,11837,485,528,0.200825579464611,0.206185567010309,4.0973219565768355,2.8517110266159698
DEMAK,JAWA TENGAH,03/03/2023,1194793,5929,82,13,0.0686311352677828,3.65853658536585,1.3830325518637208,1.9867549668874174
DHARMASRAYA,SUMATERA BARAT,03/03/2023,280815,1365,8,1,0.0284885066680911,0.0,0.5860805860805861,
DOGIYAI,PAPUA,03/03/2023,100627,497,1,0,0.00993769067943991,0.0,0.2012072434607646,0.0
DOMPU,NTB,03/03/2023,273516,1344,13,2,0.0475292121850276,0.0,0.9672619047619048,0.0
DONGGALA,SULAWESI TENGAH,03/03/2023,310388,3087,50,50,0.161088701882805,0.0,1.6196954972465178,18.75
EMPAT LAWANG,SUMATERA SELATAN,03/03/2023,261577,1295,30,0,0.114688982594035,0.0,2.3166023166023164,0.0
ENDE,NTT,03/03/2023,276097,1379,222,142,0.804065237941738,0.45045045045045,16.09862218999275,0.43478260869565216
ENREKANG,SULAWESI SELATAN,03/03/2023,212917,1057,46,24,0.216046628498429,0.0,4.351939451277199,0.0
FAK FAK,PAPUA BARAT,03/03/2023,83748,84,7,0,0.0835840855901036,0.0,8.333333333333332,0.0
FLORES TIMUR,NTT,03/03/2023,263294,1309,94,68,0.357015351660121,0.0,7.18105423987777,14.15929203539823
GARUT,JAWA BARAT,03/03/2023,2670596,2660,935,987,0.350109114220197,1.06951871657754,35.150375939849624,21.286735504368544
GAYO LUES,ACEH,03/03/2023,97199,1442,2,0,0.0205763433780183,0.0,0.13869625520110956,
GIANYAR,BALI,03/03/2023,532500,2639,354,378,0.664788732394366,0.0,13.414172034861691,2.481389578163772
GORONTALO,GORONTALO,03/03/2023,376709,1883,11,1,0.0292002580240982,0.0,0.5841741901221456,0.0
GORONTALO UTARA,GORONTALO,03/03/2023,112544,560,23,22,0.204364515211828,0.0,4.107142857142857,
GOWA,SULAWESI SELATAN,03/03/2023,798502,3948,136,24,0.170318922181785,0.0,3.4447821681864235,3.9215686274509802
GRESIK,JAWA TIMUR,03/03/2023,1370060,6783,776,834,0.566398551888238,0.515463917525773,11.440365619932184,2.853745541022592
GROBOGAN,JAWA TENGAH,03/03/2023,1387876,6923,39,13,0.0281004931276281,0.0,0.5633395926621406,11.219512195121952
GUNUNG MAS,KALIMANTAN TENGAH,03/03/2023,120066,595,31,4,0.258191328102877,0.0,5.2100840336134455,14.285714285714285
GUNUNGKIDUL,DI YOGYAKARTA,03/03/2023,786023,3885,143,78,0.181928518631134,2.7972027972028,3.6808236808236803,4.390243902439024
HALMAHERA BARAT,MALUKU UTARA,03/03/2023,120809,595,6,0,0.0496651739522718,0.0,1.0084033613445378,
HALMAHERA SELATAN,MALUKU UTARA,03/03/2023,241115,1197,68,91,0.282023101009892,0.0,5.680868838763575,0.0
HALMAHERA TENGAH,MALUKU UTARA,03/03/2023,59226,287,181,0,3.05609023064195,0.0,63.06620209059234,0.0
HALMAHERA TIMUR,MALUKU UTARA,03/03/2023,101470,497,4,1,0.0394205183798167,0.0,0.8048289738430584,
HALMAHERA UTARA,MALUKU UTARA,03/03/2023,199477,1974,12,0,0.0601573113692305,0.0,0.60790273556231,7.142857142857142
HULU SUNGAI SELATAN,KALIMANTAN SELATAN,03/03/2023,239802,238,22,15,0.0917423541088064,0.0,9.243697478991598,4.166666666666666
HULU SUNGAI TENGAH,KALIMANTAN SELATAN,03/03/2023,274685,1365,224,296,0.815479549301928,0.0,16.41025641025641,11.153846153846155
HULU SUNGAI UTARA,KALIMANTAN SELATAN,03/03/2023,240875,1197,30,23,0.124545926310327,0.0,2.506265664160401,0.0
HUMBANG HASUNDUTAN,SUMATERA UTARA,03/03/2023,197573,980,30,4,0.151842610073239,0.0,3.061224489795918,0.0
INDRAGIRI HILIR,RIAU,03/03/2023,724628,3619,52,4,0.0717609587264086,0.0,1.4368610113290963,6.779661016949152
INDRAGIRI HULU,RIAU,03/03/2023,453478,448,1139,1168,2.51169847269327,0.0,254.24107142857144,0.24896265560165973
INDRAMAYU,JAWA BARAT,03/03/2023,1772781,8820,767,502,0.432653553935878,0.782268578878748,8.696145124716553,7.134767836919592
INTAN JAYA,PAPUA,03/03/2023,53093,259,0,0,0.0,0.0,0.0,
JAYAPURA,PAPUA,03/03/2023,130403,126,63,24,0.483117719684363,1.58730158730159,50.0,4.3478260869565215
JAYAWIJAYA,PAPUA,03/03/2023,211582,1057,6,0,0.0283577998128385,0.0,0.5676442762535477,0.0
JEMBER,JAWA TIMUR,03/03/2023,2488791,12404,431,336,0.173176453948925,0.232018561484919,3.474685585295066,5.845511482254697
JEMBRANA,BALI,03/03/2023,285122,1421,277,275,0.971513948415064,0.36101083032491,19.493314567206195,4.304635761589404
JENEPONTO,SULAWESI SELATAN,03/03/2023,370256,1841,35,4,0.0945291906140616,0.0,1.9011406844106464,2.631578947368421
JEPARA,JAWA TENGAH,03/03/2023,1315309,6496,251,29,0.190829683367178,0.398406374501992,3.8639162561576352,0.8064516129032258
JOMBANG,JAWA TIMUR,03/03/2023,1283132,6391,255,169,0.198732476471633,1.96078431372549,3.989985917696761,15.09433962264151
KAIMANA,PAPUA BARAT,03/03/2023,68414,336,7,3,0.102318238956939,0.0,2.083333333333333,0.0
KAMPAR,RIAU,03/03/2023,910417,4480,254,25,0.278993032862963,0.0,5.669642857142857,5.0
KAPUAS,KALIMANTAN TENGAH,03/03/2023,368881,3661,142,102,0.384947991357647,0.0,3.878721660748429,1.3793103448275863
KAPUAS HULU,KALIMANTAN BARAT,03/03/2023,277685,1372,21,1,0.0756252588364514,0.0,1.530612244897959,4.545454545454546
KARANGANYAR,JAWA TENGAH,03/03/2023,906845,4508,113,12,0.124607843677806,0.0,2.5066548358473826,12.457912457912458
KARANGASEM,BALI,03/03/2023,424277,2114,151,10,0.355899565613974,0.0,7.142857142857142,16.939890710382514
KARAWANG,JAWA BARAT,03/03/2023,2382048,11851,959,959,0.40259474200352,0.417101147028154,8.092144122858832,3.0103480714957667
KARIMUN,KEP. RIAU,03/03/2023,241193,1197,132,152,0.547279564498141,0.0,11.027568922305765,3.571428571428571
KARO,SUMATERA UTARA,03/03/2023,448535,2205,38,3,0.0847202559443522,0.0,1.7233560090702946,2.4390243902439024
KATINGAN,KALIMANTAN TENGAH,03/03/2023,179849,889,31,6,0.172366818831353,0.0,3.487064116985377,8.571428571428571
KAUR,BENGKULU,03/03/2023,126168,623,6,0,0.0475556400989157,0.0,0.9630818619582664,14.285714285714285
KAYONG UTARA,KALIMANTAN BARAT,03/03/2023,118380,1169,7,5,0.0591316100692685,0.0,0.5988023952095809,
KEBUMEN,JAWA TENGAH,03/03/2023,1196032,11956,17,27,0.0142136665239726,5.88235294117647,0.14218802275008366,6.071428571428571
KEDIRI,JAWA TIMUR,03/03/2023,1597867,7966,852,734,0.533210836696671,0.821596244131455,10.695455686668339,12.848158131176998
KEEROM,PAPUA,03/03/2023,59638,294,41,40,0.687481136188336,0.0,13.945578231292515,0.0
KENDAL,JAWA TENGAH,03/03/2023,988217,4914,138,16,0.139645442245984,0.0,2.8083028083028085,4.4186046511627906
KEPAHIANG,BENGKULU,03/03/2023,144299,714,13,12,0.0900907144193653,0.0,1.8207282913165268,6.666666666666667
KEPULAUAN ANAMBAS,KEP. RIAU,03/03/2023,44365,217,5,0,0.112701453848755,0.0,2.3041474654377883,
KEPULAUAN ARU,MALUKU,03/03/2023,95651,476,3,0,0.0313640212857158,0.0,0.6302521008403361,
KEPULAUAN MENTAWAI,SUMATERA BARAT,03/03/2023,100747,497,5,0,0.0496292693578965,0.0,1.0060362173038229,0.0
KEPULAUAN MERANTI,RIAU,03/03/2023,190898,952,36,11,0.188582384309946,2.77777777777778,3.7815126050420167,7.317073170731707
KEPULAUAN SANGIHE,SULAWESI UTARA,03/03/2023,132584,1988,18,14,0.135762987992518,0.0,0.9054325955734407,0.0
KEPULAUAN SELAYAR,SULAWESI SELATAN,03/03/2023,137849,686,19,6,0.137831975567469,5.26315789473684,2.7696793002915454,0.0
KEPULAUAN SERIBU,DKI JAKARTA,03/03/2023,26485,133,32,18,1.20823107419294,0.0,24.06015037593985,5.555555555555555
KEPULAUAN SULA,MALUKU UTARA,03/03/2023,103740,511,5,0,0.0481974166184692,0.0,0.9784735812133072,
KEPULAUAN TALAUD,SULAWESI UTARA,03/03/2023,94379,469,2,0,0.0211911548119815,0.0,0.42643923240938164,0.0
KEPULAUAN TANIMBAR,MALUKU,03/03/2023,112973,504,10,0,0.0885167252352332,0.0,1.984126984126984,0.0
KEPULAUAN YAPEN,PAPUA,03/03/2023,100801,497,3,0,0.0297616095078422,0.0,0.6036217303822937,
KERINCI,JAMBI,03/03/2023,241852,1204,20,6,0.0826952020243785,0.0,1.6611295681063125,4.0
KETAPANG,KALIMANTAN BARAT,03/03/2023,541898,2667,57,53,0.105185846782974,0.0,2.1372328458942635,4.838709677419355
KLATEN,JAWA TENGAH,03/03/2023,1176818,5880,246,25,0.209038270998574,2.84552845528455,4.183673469387755,2.8925619834710745
KLUNGKUNG,BALI,03/03/2023,182138,182,213,304,1.16944294985121,0.0,117.03296703296704,10.460251046025103
KOLAKA,SULAWESI TENGGARA,03/03/2023,280538,1379,25,14,0.0891144871639493,4.0,1.8129079042784626,3.8461538461538463
KOLAKA TIMUR,SULAWESI TENGGARA,03/03/2023,146111,1435,7,0,0.0479087816796819,0.0,0.4878048780487805,0.0
KOLAKA UTARA,SULAWESI TENGGARA,03/03/2023,161198,791,17,5,0.10546036551322,5.88235294117647,2.1491782553729455,0.0
KONAWE,SULAWESI TENGGARA,03/03/2023,254658,1260,50,28,0.196341760321686,2.0,3.968253968253968,1.7857142857142856
KONAWE KEPULAUAN,SULAWESI TENGGARA,03/03/2023,34251,511,1,0,0.0291962278473621,0.0,0.19569471624266144,
KONAWE SELATAN,SULAWESI TENGGARA,03/03/2023,328036,1617,29,4,0.0884049311660915,0.0,1.7934446505875077,3.0303030303030303
KONAWE UTARA,SULAWESI TENGGARA,03/03/2023,67113,329,24,2,0.357605828975012,0.0,7.29483282674772,
KOTA AMBON,MALUKU,03/03/2023,495319,2422,108,93,0.218041302675649,0.0,4.459124690338563,1.7391304347826086
KOTA BALIKPAPAN,KALIMANTAN TIMUR,03/03/2023,649422,644,1825,2063,2.81019121618917,0.273972602739726,283.3850931677019,0.4431314623338257
KOTA BANDA ACEH,ACEH,03/03/2023,284233,1400,75,154,0.263868023769232,1.33333333333333,5.357142857142857,2.5316455696202533
KOTA BANDAR LAMPUNG,LAMPUNG,03/03/2023,1124566,5537,391,570,0.347689686510174,0.0,7.061585696225394,11.801242236024844
KOTA BANDUNG,JAWA BARAT,03/03/2023,2601133,25886,2486,3772,0.955737365217388,2.81576830249397,9.603646758865796,4.479242534595776
KOTA BANJAR,JAWA BARAT,03/03/2023,190140,945,54,74,0.284001262227832,3.7037037037037,5.714285714285714,3.571428571428571
KOTA BANJARBARU,KALIMANTAN SELATAN,03/03/2023,286800,280,290,321,1.01115760111576,0.0,103.57142857142858,0.0
KOTA BANJARMASIN,KALIMANTAN SELATAN,03/03/2023,724795,3598,361,595,0.498071868597328,0.0,10.033351862145636,0.4975124378109453
KOTA BATAM,KEP. RIAU,03/03/2023,1672719,8036,345,215,0.206251020045806,0.0,4.293180686908911,2.261306532663317
KOTA BATU,JAWA TIMUR,03/03/2023,214508,2128,71,117,0.330989986387454,0.0,3.336466165413534,42.1875
KOTA BAU BAU,SULAWESI TENGGARA,03/03/2023,177104,875,134,149,0.75661758063059,0.0,15.314285714285713,0.0
KOTA BEKASI,JAWA BARAT,03/03/2023,3171688,15568,2657,2546,0.837724265438467,2.22054949190817,17.067060637204523,7.124762507916403
KOTA BENGKULU,BENGKULU,03/03/2023,382357,1897,87,83,0.227536046155818,0.0,4.586188719030047,0.0
KOTA BIMA,NTB,03/03/2023,191789,938,17,67,0.0886390773193457,0.0,1.812366737739872,67.79661016949152
KOTA BINJAI,SUMATERA UTARA,03/03/2023,289874,1435,69,49,0.23803445635,0.0,4.808362369337979,1.3513513513513513
KOTA BITUNG,SULAWESI UTARA,03/03/2023,229175,1134,32,20,0.13963128613505,0.0,2.821869488536155,0.0
KOTA BLITAR,JAWA TIMUR,03/03/2023,145583,721,71,58,0.487694304966926,1.40845070422535,9.847434119278779,4.0
KOTA BOGOR,JAWA BARAT,03/03/2023,1126065,5586,894,2127,0.793915093711287,1.23042505592841,16.004296455424274,3.720508166969147
KOTA BONTANG,KALIMANTAN TIMUR,03/03/2023,188101,182,162,131,0.861239440513341,0.617283950617284,89.01098901098901,5.524861878453039
KOTA BUKITTINGGI,SUMATERA BARAT,03/03/2023,140959,693,23,13,0.163168013393966,0.0,3.318903318903319,0.0
KOTA CILEGON,BANTEN,03/03/2023,458235,2268,314,524,0.685237923772737,1.27388535031847,13.844797178130511,18.75
KOTA CIMAHI,JAWA BARAT,03/03/2023,613241,6104,415,573,0.676732312418772,1.68674698795181,6.7988204456094365,6.517311608961303
KOTA CIREBON,JAWA BARAT,03/03/2023,322248,1603,268,876,0.831657605322609,1.11940298507463,16.71865252651279,0.35842293906810035
KOTA DENPASAR,BALI,03/03/2023,1037874,5089,679,1301,0.654221996118989,0.883652430044183,13.342503438789546,2.67022696929239
KOTA DEPOK,JAWA BARAT,03/03/2023,2625541,25571,2691,3293,1.02493162361586,1.78372352285396,10.523640061006608,9.10201588271228
KOTA DUMAI,RIAU,03/03/2023,316785,1568,54,9,0.170462616601165,1.85185185185185,3.4438775510204076,8.571428571428571
KOTA GORONTALO,GORONTALO,03/03/2023,224150,1106,21,17,0.0936872629935311,0.0,1.89873417721519,0.0
KOTA GUNUNGSITOLI,SUMATERA UTARA,03/03/2023,149456,147,5,1,0.03345466224173,0.0,3.4013605442176873,0.0
KOTA JAKARTA BARAT,DKI JAKARTA,03/03/2023,2685139,26621,4958,7974,1.84645934530764,1.75473981444131,18.624394275196273,7.750442193278662
KOTA JAKARTA PUSAT,DKI JAKARTA,03/03/2023,914534,9135,2524,7584,2.75987552130375,2.49603803486529,27.629994526546252,20.46925566343042
KOTA JAKARTA SELATAN,DKI JAKARTA,03/03/2023,2323642,23093,5681,14031,2.44486887394874,2.51716247139588,24.600528298618627,9.552599758162032
KOTA JAKARTA TIMUR,DKI JAKARTA,03/03/2023,2962784,29498,5844,6666,1.97246913713588,2.05338809034908,19.81151264492508,16.678297278436848
KOTA JAKARTA UTARA,DKI JAKARTA,03/03/2023,1862496,18501,3349,4688,1.79812466711338,1.82143923559271,18.101724231122642,9.995487364620939
KOTA JAMBI,JAMBI,03/03/2023,608973,3031,243,466,0.399032469419827,1.23456790123457,8.017156054107556,4.498269896193772
KOTA JAYAPURA,PAPUA,03/03/2023,313133,308,159,213,0.507771458134403,0.628930817610063,51.62337662337663,1.2048192771084338
KOTA KEDIRI,JAWA TIMUR,03/03/2023,294532,1463,188,659,0.638300761886654,1.06382978723404,12.850307587149693,13.87900355871886
KOTA KENDARI,SULAWESI TENGGARA,03/03/2023,422098,2058,126,188,0.298508877085416,0.0,6.122448979591836,3.007518796992481
KOTA KOTAMOBAGU,SULAWESI UTARA,03/03/2023,136175,1344,7,3,0.0514044428125574,0.0,0.5208333333333333,0.0
KOTA KUPANG,NTT,03/03/2023,481270,2352,478,930,0.993205477174975,0.627615062761506,20.32312925170068,2.6565464895635675
KOTA LANGSA,ACEH,03/03/2023,185722,917,9,4,0.0484595255274012,0.0,0.9814612868047983,
KOTA LHOKSEUMAWE,ACEH,03/03/2023,216020,1064,13,3,0.0601796129987964,0.0,1.2218045112781954,0.0
KOTA LUBUK LINGGAU,SUMATERA SELATAN,03/03/2023,245949,1211,403,385,1.63855108172833,0.0,33.278282411230386,1.187648456057007
KOTA MADIUN,JAWA TIMUR,03/03/2023,178647,889,150,329,0.839644662378881,0.0,16.87289088863892,5.325443786982249
KOTA MAGELANG,JAWA TENGAH,03/03/2023,121991,1218,3,12,0.0245919780967448,0.0,0.24630541871921183,2.857142857142857
KOTA MAKASSAR,SULAWESI SELATAN,03/03/2023,1588373,7861,658,1693,0.414260378387192,0.759878419452888,8.370436331255565,5.665349143610013
KOTA MALANG,JAWA TIMUR,03/03/2023,888338,4424,416,509,0.468290222865621,2.16346153846154,9.403254972875226,1.7167381974248928
KOTA MANADO,SULAWESI UTARA,03/03/2023,434471,2170,249,198,0.573110748473431,0.0,11.474654377880185,2.1052631578947367
KOTA MATARAM,NTB,03/03/2023,538549,2639,91,148,0.168972554029438,1.0989010989011,3.4482758620689653,16.964285714285715
KOTA MEDAN,SUMATERA UTARA,03/03/2023,2344745,11655,938,1360,0.40004350153215,0.426439232409382,8.048048048048049,2.551984877126654
KOTA METRO,LAMPUNG,03/03/2023,176381,175,37,53,0.209773161508326,0.0,21.142857142857142,2.3255813953488373
KOTA MOJOKERTO,JAWA TIMUR,03/03/2023,132844,658,24,29,0.18066303333233,0.0,3.64741641337386,18.6046511627907
KOTA PADANG,SUMATERA BARAT,03/03/2023,1010096,4984,239,252,0.236611173591421,0.836820083682008,4.795345104333868,9.25925925925926
KOTA PADANG PANJANG,SUMATERA BARAT,03/03/2023,57100,280,18,8,0.31523642732049,0.0,6.428571428571428,0.0
KOTA PADANGSIDIMPUAN,SUMATERA UTARA,03/03/2023,236621,1169,70,136,0.295831730911458,0.0,5.9880239520958085,21.50537634408602
KOTA PAGAR ALAM,SUMATERA SELATAN,03/03/2023,143705,714,48,22,0.334017605511291,0.0,6.722689075630252,5.454545454545454
KOTA PALANGKARAYA,KALIMANTAN TENGAH,03/03/2023,300537,1477,353,666,1.17456419675448,0.56657223796034,23.899796885578876,3.733333333333334
KOTA PALEMBANG,SUMATERA SELATAN,03/03/2023,1760667,1736,1586,2976,0.900794982810492,0.315258511979823,91.3594470046083,2.0759193357058123
KOTA PALOPO,SULAWESI SELATAN,03/03/2023,193984,952,29,1,0.149496865720884,0.0,3.046218487394958,0.0
KOTA PALU,SULAWESI TENGAH,03/03/2023,410089,2023,111,103,0.270672951481264,0.0,5.486900642609985,4.032258064516129
KOTA PANGKAL PINANG,KEP. BANGKA BELITUNG,03/03/2023,217834,217,131,139,0.601375359218487,0.0,60.36866359447005,0.7194244604316548
KOTA PARE PARE,SULAWESI SELATAN,03/03/2023,149644,742,24,7,0.160380636711128,0.0,3.234501347708895,0.0
KOTA PARIAMAN,SUMATERA BARAT,03/03/2023,93236,462,27,28,0.289587712900596,0.0,5.844155844155844,6.896551724137931
KOTA PASURUAN,JAWA TIMUR,03/03/2023,205749,203,219,284,1.06440371520639,0.0,107.88177339901478,0.8928571428571428
KOTA PAYAKUMBUH,SUMATERA BARAT,03/03/2023,145409,714,12,3,0.082525840903933,0.0,1.680672268907563,14.285714285714285
KOTA PEKALONGAN,JAWA TENGAH,03/03/2023,313987,3122,24,23,0.0764362855787023,0.0,0.7687379884689303,4.651162790697675
KOTA PEKANBARU,RIAU,03/03/2023,1198291,5894,582,1456,0.485691705937873,0.0,9.87444859178826,6.4083457526080485
KOTA PEMATANGSIANTAR,SUMATERA UTARA,03/03/2023,262467,2611,42,15,0.160020116814685,0.0,1.6085790884718498,21.428571428571427
KOTA PONTIANAK,KALIMANTAN BARAT,03/03/2023,674547,3332,216,228,0.320214899777184,2.31481481481481,6.482593037214886,10.344827586206897
KOTA PRABUMULIH,SUMATERA SELATAN,03/03/2023,199484,196,158,185,0.792043472158168,0.0,80.61224489795919,1.7857142857142856
KOTA PROBOLINGGO,JAWA TIMUR,03/03/2023,245240,1218,52,45,0.212037188060675,0.0,4.269293924466338,9.375
KOTA SABANG,ACEH,03/03/2023,35309,175,71,77,2.01081877141805,0.0,40.57142857142857,0.0
KOTA SALATIGA,JAWA TENGAH,03/03/2023,202470,1001,2,17,0.00987800661826443,0.0,0.1998001998001998,0.0
KOTA SAMARINDA,KALIMANTAN TIMUR,03/03/2023,873462,868,1123,2118,1.28568844437423,0.0890471950133571,129.37788018433181,4.609053497942387
KOTA SAWAHLUNTO,SUMATERA BARAT,03/03/2023,65003,322,8,1,0.123071242865714,0.0,2.484472049689441,0.0
KOTA SEMARANG,JAWA TENGAH,03/03/2023,1911886,1883,361,496,0.188818789404808,1.93905817174515,19.171534784917686,1.532912533814247
KOTA SERANG,BANTEN,03/03/2023,728553,3591,216,344,0.296478087386916,0.462962962962963,6.015037593984962,2.1459227467811157
KOTA SIBOLGA,SUMATERA UTARA,03/03/2023,87696,91,23,28,0.262269658821383,0.0,25.274725274725274,8.0
KOTA SINGKAWANG,KALIMANTAN BARAT,03/03/2023,236237,1162,86,137,0.364041195917659,1.16279069767442,7.401032702237521,5.154639175257731
KOTA SOLOK,SUMATERA BARAT,03/03/2023,77169,378,17,13,0.220295714600422,0.0,4.497354497354497,
KOTA SORONG,PAPUA BARAT,03/03/2023,290939,1414,45,147,0.154671597826348,0.0,3.182461103253183,67.58620689655173
KOTA SUBULUSSALAM,ACEH,03/03/2023,84352,413,10,0,0.118550834597876,10.0,2.4213075060532687,16.666666666666664
KOTA SUKABUMI,JAWA BARAT,03/03/2023,333325,1659,134,93,0.402010050251256,2.98507462686567,8.077154912597951,1.3513513513513513
KOTA SUNGAI PENUH,JAMBI,03/03/2023,88777,441,7,0,0.0788492514953197,0.0,1.5873015873015872,0.0
KOTA SURABAYA,JAWA TIMUR,03/03/2023,2936833,14637,4828,8104,1.643947749157,1.11847555923778,32.98490127758421,8.57638888888889
KOTA SURAKARTA,JAWA TENGAH,03/03/2023,520511,2597,178,5597,0.341971639408197,0.561797752808989,6.854062379668849,10.74766355140187
KOTA TANGERANG,BANTEN,03/03/2023,2346193,23100,2453,3055,1.04552353536133,2.32368528332654,10.61904761904762,8.301756803306924
KOTA TANGERANG SELATAN,BANTEN,03/03/2023,1809471,17766,2242,2864,1.23903616029215,2.85459411239964,12.619610491950917,18.292282430213465
KOTA TANJUNG BALAI,SUMATERA UTARA,03/03/2023,184373,910,18,5,0.0976281776615882,0.0,1.9780219780219779,14.285714285714285
KOTA TANJUNG PINANG,KEP. RIAU,03/03/2023,222782,1106,262,310,1.17603756138288,0.0,23.688969258589513,0.36363636363636365
KOTA TARAKAN,KALIMANTAN UTARA,03/03/2023,271593,266,566,659,2.08400069221224,0.706713780918728,212.78195488721803,17.846607669616517
KOTA TASIKMALAYA,JAWA BARAT,03/03/2023,689095,3430,244,339,0.354087607659321,0.409836065573771,7.113702623906705,7.2727272727272725
KOTA TEBING TINGGI,SUMATERA UTARA,03/03/2023,172723,1708,35,27,0.202636591536738,0.0,2.0491803278688523,0.0
KOTA TEGAL,JAWA TENGAH,03/03/2023,250541,2499,11,21,0.0439049896025002,0.0,0.4401760704281713,1.4388489208633095
KOTA TERNATE,MALUKU UTARA,03/03/2023,247515,1218,98,398,0.395935599862635,0.0,8.045977011494253,0.0
KOTA TIDORE KEPULAUAN,MALUKU UTARA,03/03/2023,102120,1526,12,11,0.117508813160987,0.0,0.7863695937090431,7.6923076923076925
KOTA TOMOHON,SULAWESI UTARA,03/03/2023,111784,1106,20,24,0.178916481786302,0.0,1.8083182640144666,19.230769230769234
KOTA TUAL,MALUKU,03/03/2023,79702,392,5,0,0.0627336829690597,0.0,1.2755102040816326,0.0
KOTA YOGYAKARTA,DI YOGYAKARTA,03/03/2023,455535,2247,429,849,0.941749810662188,0.466200466200466,19.092122830440587,1.702127659574468
KOTABARU,KALIMANTAN SELATAN,03/03/2023,355668,1757,51,28,0.143392152231857,0.0,2.902675014228799,0.0
KOTAWARINGIN BARAT,KALIMANTAN TENGAH,03/03/2023,323169,1589,23,5,0.0711701926855608,0.0,1.44745122718691,14.814814814814813
KOTAWARINGIN TIMUR,KALIMANTAN TENGAH,03/03/2023,468449,2317,61,28,0.130216949977479,1.63934426229508,2.6327147173068624,16.883116883116884
KUANTAN SINGINGI,RIAU,03/03/2023,323698,1617,63,13,0.194625854963577,0.0,3.896103896103896,7.246376811594203
KUBU RAYA,KALIMANTAN BARAT,03/03/2023,600596,2968,93,171,0.154846186121786,1.0752688172043,3.1334231805929917,53.14009661835749
KUDUS,JAWA TENGAH,03/03/2023,901892,4466,6,12,0.00665268125230072,0.0,0.13434841021047916,9.803921568627452
KULON PROGO,DI YOGYAKARTA,03/03/2023,453584,2240,189,174,0.416681364422025,3.7037037037037,8.4375,12.385321100917432
KUNINGAN,JAWA BARAT,03/03/2023,1106111,5502,250,68,0.226017099549684,2.0,4.543802253725918,7.773851590106007
KUPANG,NTT,03/03/2023,416355,2037,170,14,0.408305412448511,1.76470588235294,8.345606283750612,3.314917127071823
KUTAI BARAT,KALIMANTAN TIMUR,03/03/2023,151288,756,137,131,0.905557611971868,0.0,18.121693121693124,1.3605442176870748
KUTAI KARTANEGARA,KALIMANTAN TIMUR,03/03/2023,802708,791,999,758,1.24453724143773,0.1001001001001,126.29582806573958,0.2770083102493075
KUTAI TIMUR,KALIMANTAN TIMUR,03/03/2023,412084,2002,411,177,0.99736946836082,0.48661800486618,20.52947052947053,5.227272727272727
LABUHANBATU,SUMATERA UTARA,03/03/2023,534910,2632,24,2,0.0448673608644445,0.0,0.911854103343465,0.0
LABUHANBATU SELATAN,SUMATERA UTARA,03/03/2023,372069,1827,16,5,0.0430027763667492,0.0,0.875752599890531,0.0
LABUHANBATU UTARA,SUMATERA UTARA,03/03/2023,376665,1869,18,2,0.0477878220700092,0.0,0.9630818619582664,17.391304347826086
LAHAT,SUMATERA SELATAN,03/03/2023,423178,2100,226,211,0.534054227771765,0.442477876106195,10.761904761904761,14.652014652014653
LAMANDAU,KALIMANTAN TENGAH,03/03/2023,84807,420,13,0,0.15328923320009,0.0,3.0952380952380953,0.0
LAMONGAN,JAWA TIMUR,03/03/2023,1207761,6034,229,120,0.189607049739145,0.0,3.7951607557176006,6.2745098039215685
LAMPUNG BARAT,LAMPUNG,03/03/2023,311457,308,14,3,0.0449500252041213,0.0,4.545454545454546,36.36363636363637
LAMPUNG SELATAN,LAMPUNG,03/03/2023,1047046,5194,157,38,0.149945656637817,0.0,3.0227185213708125,8.108108108108109
LAMPUNG TENGAH,LAMPUNG,03/03/2023,1318822,6552,155,50,0.117529128267499,0.0,2.3656898656898657,7.9787234042553195
LAMPUNG TIMUR,LAMPUNG,03/03/2023,1076178,5341,171,38,0.158895647374319,0.584795321637427,3.2016476315296765,5.41871921182266
LAMPUNG UTARA,LAMPUNG,03/03/2023,624940,3115,50,5,0.0800076807373508,2.0,1.6051364365971106,21.53846153846154
LANDAK,KALIMANTAN BARAT,03/03/2023,391121,3871,23,12,0.0588053313424746,4.34782608695652,0.5941617153190389,35.294117647058826
LANGKAT,SUMATERA UTARA,03/03/2023,1064230,5299,75,10,0.0704734878738618,0.0,1.4153613889413097,3.0456852791878175
LANNY JAYA,PAPUA,03/03/2023,208000,1015,10,0,0.0480769230769231,0.0,0.9852216748768473,
LEBAK,BANTEN,03/03/2023,1320499,6580,232,95,0.175691159175433,1.29310344827586,3.525835866261398,9.057971014492754
LEBONG,BENGKULU,03/03/2023,118953,588,8,3,0.0672534530444798,0.0,1.3605442176870748,0.0
LEMBATA,NTT,03/03/2023,153776,756,24,0,0.156071168452814,0.0,3.1746031746031744,0.0
LIMA PULUH KOTA,SUMATERA BARAT,03/03/2023,398447,1974,26,12,0.0652533461162965,0.0,1.3171225937183384,
LINGGA,KEP. RIAU,03/03/2023,90395,455,10,1,0.110625587698435,0.0,2.197802197802198,0.0
LOMBOK BARAT,NTB,03/03/2023,754640,3710,126,103,0.166967030637125,0.0,3.3962264150943398,11.11111111111111
LOMBOK TENGAH,NTB,03/03/2023,1005924,4977,41,17,0.0407585463712964,0.0,0.8237894313843681,4.444444444444445
LOMBOK TIMUR,NTB,03/03/2023,1267020,6279,37,11,0.0292023803886284,0.0,0.589265806657111,18.367346938775512
LOMBOK UTARA,NTB,03/03/2023,233689,1155,78,73,0.333776942859955,0.0,6.753246753246753,
LUMAJANG,JAWA TIMUR,03/03/2023,1051412,5250,274,223,0.260601933400037,0.364963503649635,5.219047619047619,1.0600706713780919
LUWU,SULAWESI SELATAN,03/03/2023,375850,1862,118,61,0.313955035253426,0.0,6.337271750805586,1.4814814814814816
LUWU TIMUR,SULAWESI SELATAN,03/03/2023,312667,1540,47,3,0.150319669168796,0.0,3.051948051948052,0.0
LUWU UTARA,SULAWESI SELATAN,03/03/2023,322640,1603,27,6,0.0836846020332259,0.0,1.6843418590143482,9.67741935483871
MADIUN,JAWA TIMUR,03/03/2023,687381,3430,251,112,0.365154113948451,1.19521912350598,7.317784256559767,5.821917808219178
MAGELANG,JAWA TENGAH,03/03/2023,1321111,13125,95,1,0.0719091734154057,2.10526315789474,0.7238095238095238,2.464788732394366
MAGETAN,JAWA TIMUR,03/03/2023,637903,3185,389,287,0.609810582486679,0.77120822622108,12.213500784929357,3.4403669724770642
MAHAKAM ULU,KALIMANTAN TIMUR,03/03/2023,26904,266,30,0,1.11507582515611,0.0,11.278195488721805,0.0
MAJALENGKA,JAWA BARAT,03/03/2023,1239111,6167,159,97,0.128317802037106,0.0,2.5782390141073455,27.3542600896861
MAJENE,SULAWESI BARAT,03/03/2023,177899,882,24,20,0.134908009600953,4.16666666666667,2.7210884353741496,3.8461538461538463
MALAKA,NTT,03/03/2023,203096,1001,61,2,0.300350573127979,0.0,6.093906093906094,1.5873015873015872
MALANG,JAWA TIMUR,03/03/2023,2663862,13251,671,621,0.251889925228859,1.04321907600596,5.063768772168138,3.571428571428571
MALINAU,KALIMANTAN UTARA,03/03/2023,91486,1344,86,165,0.940034540804057,1.16279069767442,6.398809523809524,
MALUKU BARAT DAYA,MALUKU,03/03/2023,73783,371,8,0,0.10842606020357,0.0,2.15633423180593,
MALUKU TENGAH,MALUKU,03/03/2023,376864,1883,35,34,0.0928716990744672,0.0,1.858736059479554,2.631578947368421
MALUKU TENGGARA,MALUKU,03/03/2023,101086,567,7,0,0.0692479670775379,0.0,1.2345679012345678,0.0
MAMASA,SULAWESI BARAT,03/03/2023,165164,1638,12,2,0.0726550580029546,8.33333333333333,0.7326007326007326,6.25
MAMBERAMO RAYA,PAPUA,03/03/2023,25652,126,1,0,0.0389833151411196,0.0,0.7936507936507936,
MAMBERAMO TENGAH,PAPUA,03/03/2023,56308,553,2,0,0.0355189315905378,0.0,0.3616636528028933,
MAMUJU,SULAWESI BARAT,03/03/2023,312027,1533,30,4,0.0961455258679537,0.0,1.9569471624266144,0.0
MAMUJU TENGAH,SULAWESI BARAT,03/03/2023,142571,700,24,10,0.168337179370279,0.0,3.428571428571429,0.0
MANDAILING NATAL,SUMATERA UTARA,03/03/2023,463910,2303,20,158,0.0431118104804811,0.0,0.8684324793747287,87.79069767441861
MANGGARAI,NTT,03/03/2023,356643,1764,43,18,0.120568748019728,0.0,2.437641723356009,0.0
MANGGARAI BARAT,NTT,03/03/2023,298444,1463,50,59,0.167535618072402,4.0,3.417634996582365,0.0
MANGGARAI TIMUR,NTT,03/03/2023,297563,1477,39,0,0.131064682100933,0.0,2.640487474610697,4.651162790697675
MANOKWARI,PAPUA BARAT,03/03/2023,178623,882,50,36,0.279919159346781,2.0,5.6689342403628125,1.7857142857142856
MANOKWARI SELATAN,PAPUA BARAT,03/03/2023,27867,133,1,2,0.0358847382208347,0.0,0.7518796992481203,
MAPPI,PAPUA,03/03/2023,104652,518,1,0,0.00955547911172266,0.0,0.19305019305019305,0.0
MAROS,SULAWESI SELATAN,03/03/2023,362746,1799,83,45,0.228810241877236,0.0,4.613674263479711,3.1914893617021276
MAYBRAT,PAPUA BARAT,03/03/2023,45053,224,0,0,0.0,0.0,0.0,
MELAWI,KALIMANTAN BARAT,03/03/2023,218068,1078,15,10,0.0687858833024561,0.0,1.391465677179963,20.0
MEMPAWAH,KALIMANTAN BARAT,03/03/2023,271915,1351,26,4,0.0956181159553537,0.0,1.924500370096225,10.0
MERANGIN,JAMBI,03/03/2023,396377,1967,25,0,0.0630712680100006,0.0,1.2709710218607015,0.0
MERAUKE,PAPUA,03/03/2023,240736,1190,27,7,0.112156054765386,0.0,2.26890756302521,3.3333333333333335
MESUJI,LAMPUNG,03/03/2023,203919,1015,15,7,0.0735586188633722,0.0,1.477832512315271,0.0
MIMIKA,PAPUA,03/03/2023,224406,1106,393,540,1.75129007245796,1.01781170483461,35.53345388788427,16.16766467065868
MINAHASA,SULAWESI UTARA,03/03/2023,347672,3458,56,6,0.161071354610092,0.0,1.6194331983805668,1.694915254237288
MINAHASA SELATAN,SULAWESI UTARA,03/03/2023,212823,3178,16,1,0.0751798442837475,0.0,0.5034612964128383,0.0
MINAHASA TENGGARA,SULAWESI UTARA,03/03/2023,107295,532,4,0,0.0372803951721888,0.0,0.7518796992481203,
MINAHASA UTARA,SULAWESI UTARA,03/03/2023,205569,1022,19,6,0.0924263872471044,0.0,1.8590998043052838,0.0
MOJOKERTO,JAWA TIMUR,03/03/2023,1154185,5726,290,270,0.251259546779762,0.344827586206897,5.064617534055187,11.602209944751381
MOROWALI,SULAWESI TENGAH,03/03/2023,128394,630,25,4,0.194713148589498,0.0,3.968253968253968,0.0
MOROWALI UTARA,SULAWESI TENGAH,03/03/2023,138126,1358,12,0,0.0868771990791017,0.0,0.8836524300441826,0.0
MUARA ENIM,SUMATERA SELATAN,03/03/2023,672052,3318,224,97,0.333307541678322,0.0,6.751054852320674,0.42194092827004215
MUARO JAMBI,JAMBI,03/03/2023,472734,2317,79,11,0.167113006468754,0.0,3.409581355200691,8.571428571428571
MUKO MUKO,BENGKULU,03/03/2023,192785,952,8,2,0.0414970044349924,0.0,0.8403361344537815,0.0
MUNA,SULAWESI TENGGARA,03/03/2023,229509,1141,19,1,0.0827854245367284,0.0,1.6652059596844873,4.545454545454546
MUNA BARAT,SULAWESI TENGGARA,03/03/2023,84368,1253,5,0,0.059264175990897,0.0,0.39904229848363926,
MURUNG RAYA,KALIMANTAN TENGAH,03/03/2023,121578,602,19,0,0.156278274029841,0.0,3.1561461794019934,0.0
MUSI BANYUASIN,SUMATERA SELATAN,03/03/2023,684051,3374,193,21,0.282142705733929,0.0,5.720213396561944,0.9259259259259258
MUSI RAWAS,SUMATERA SELATAN,03/03/2023,424046,2100,82,56,0.193375247025087,0.0,3.9047619047619047,1.1235955056179776
MUSI RAWAS UTARA,SUMATERA SELATAN,03/03/2023,201390,994,28,16,0.139033715676051,0.0,2.8169014084507045,32.432432432432435
NABIRE,PAPUA,03/03/2023,149427,742,13,1,0.0869990028575826,0.0,1.7520215633423182,
NAGAN RAYA,ACEH,03/03/2023,173151,854,5,3,0.0288765297341627,0.0,0.5854800936768151,
NAGEKEO,NTT,03/03/2023,150998,749,37,2,0.245036358097458,0.0,4.939919893190922,2.564102564102564
NATUNA,KEP. RIAU,03/03/2023,82227,812,5,0,0.060807277414961,0.0,0.6157635467980296,0.0
NDUGA,PAPUA,03/03/2023,117417,574,1,0,0.00851665431751791,0.0,0.17421602787456447,
NGADA,NTT,03/03/2023,171106,847,63,3,0.368192816149054,0.0,7.43801652892562,1.5151515151515151
NGANJUK,JAWA TIMUR,03/03/2023,1064353,5313,475,373,0.446280510319415,1.47368421052632,8.94033502729155,13.527397260273974
NGAWI,JAWA TIMUR,03/03/2023,842645,4207,192,90,0.227853959852607,0.520833333333333,4.563822201093416,10.655737704918032
NIAS,SUMATERA UTARA,03/03/2023,145713,728,8,0,0.0549024452176539,0.0,1.098901098901099,10.0
NIAS BARAT,SUMATERA UTARA,03/03/2023,82720,413,1,0,0.0120889748549323,0.0,0.24213075060532688,
NIAS SELATAN,SUMATERA UTARA,03/03/2023,331894,1645,11,1,0.0331431119574322,0.0,0.668693009118541,
NIAS UTARA,SUMATERA UTARA,03/03/2023,141452,700,3,0,0.0212086078669796,0.0,0.4285714285714286,0.0
NUNUKAN,KALIMANTAN UTARA,03/03/2023,216078,1057,30,0,0.138838752672646,0.0,2.838221381267739,0.0
OGAN ILIR,SUMATERA SELATAN,03/03/2023,447854,2219,94,6,0.209889830167867,0.0,4.23614240648941,2.9702970297029703
OGAN KOMERING ILIR,SUMATERA SELATAN,03/03/2023,872967,4312,127,7,0.145480871556428,0.78740157480315,2.945269016697588,5.594405594405594
OGAN KOMERING ULU,SUMATERA SELATAN,03/03/2023,385942,1911,53,2,0.137326334008737,0.0,2.773417059131345,1.7241379310344827
OGAN KOMERING ULU SELATAN,SUMATERA SELATAN,03/03/2023,380217,1883,43,0,0.113093312503123,0.0,2.2835900159320235,0.0
OGAN KOMERING ULU TIMUR,SUMATERA SELATAN,03/03/2023,700947,3479,82,10,0.116984593699666,0.0,2.356999137683242,0.0
PACITAN,JAWA TIMUR,03/03/2023,558220,5579,55,16,0.0985274622908531,1.81818181818182,0.9858397562287149,10.465116279069768
PADANG LAWAS,SUMATERA UTARA,03/03/2023,312158,1526,26,0,0.0832911538387612,0.0,1.7038007863695939,18.181818181818183
PADANG LAWAS UTARA,SUMATERA UTARA,03/03/2023,299017,1463,12,0,0.0401314975402736,0.0,0.8202323991797676,
PADANG PARIAMAN,SUMATERA BARAT,03/03/2023,425505,2121,46,14,0.108106837757488,0.0,2.1687883074021688,7.547169811320755
PAHUWATO,GORONTALO,03/03/2023,167187,826,3,1,0.0179439788978808,0.0,0.36319612590799033,
PAKPAK BHARAT,SUMATERA UTARA,03/03/2023,53491,56,11,11,0.205642070628704,0.0,19.642857142857142,0.0
PAMEKASAN,JAWA TIMUR,03/03/2023,914700,4529,54,13,0.0590357494260413,1.85185185185185,1.1923161845882093,6.666666666666667
PANDEGLANG,BANTEN,03/03/2023,1233381,6153,308,151,0.24972007838616,0.974025974025974,5.005688282138794,2.1604938271604937
PANGANDARAN,JAWA BARAT,03/03/2023,409276,2037,54,30,0.131940304342302,0.0,2.6509572901325478,3.389830508474576
PANGKAJENE KEPULAUAN,SULAWESI SELATAN,03/03/2023,344306,1708,43,11,0.124888906960669,0.0,2.5175644028103044,4.444444444444445
PANIAI,PAPUA,03/03/2023,172970,861,1,0,0.00578134936694224,0.0,0.11614401858304298,
PARIGI MOUTONG,SULAWESI TENGAH,03/03/2023,519507,7679,29,13,0.0558221544656761,0.0,0.37765334027868214,3.3333333333333335
PASAMAN,SUMATERA BARAT,03/03/2023,294660,2919,13,2,0.0441186452182176,0.0,0.4453579993148339,
PASAMAN BARAT,SUMATERA BARAT,03/03/2023,487133,2387,20,6,0.0410565492380931,0.0,0.8378718056137411,4.3478260869565215
PASANGKAYU,SULAWESI BARAT,03/03/2023,187773,917,32,16,0.170418537276392,0.0,3.4896401308615053,0.0
PASER,KALIMANTAN TIMUR,03/03/2023,290548,1435,80,45,0.275341767969492,0.0,5.574912891986063,0.0
PASURUAN,JAWA TIMUR,03/03/2023,1670573,8302,596,566,0.356763816965796,0.503355704697987,7.178993013731631,0.32102728731942215
PATI,JAWA TENGAH,03/03/2023,1270753,6335,68,44,0.0535115793549179,0.0,1.0734017363851618,4.273504273504273
PEGUNUNGAN ARFAK,PAPUA BARAT,03/03/2023,36553,175,0,0,0.0,0.0,0.0,
PEGUNUNGAN BINTANG,PAPUA,03/03/2023,78461,392,10,0,0.12745185506175,0.0,2.5510204081632653,
PEKALONGAN,JAWA TENGAH,03/03/2023,910504,9065,34,5,0.0373419556641157,8.82352941176471,0.37506894649751793,7.339449541284404
PELALAWAN,RIAU,03/03/2023,561684,2695,74,6,0.13174667606697,0.0,2.74582560296846,3.79746835443038
PEMALANG,JAWA TENGAH,03/03/2023,1301069,6503,61,10,0.0468845234188194,8.19672131147541,0.9380286021836076,4.682274247491638
PENAJAM PASER UTARA,KALIMANTAN TIMUR,03/03/2023,160695,798,70,35,0.435607828494975,1.42857142857143,8.771929824561402,2.631578947368421
PENUKAL ABAB LEMATANG ILIR,SUMATERA SELATAN,03/03/2023,199731,987,64,16,0.320430979667653,1.5625,6.484295845997974,1.3333333333333335
PESAWARAN,LAMPUNG,03/03/2023,461030,2289,97,42,0.210398455631955,0.0,4.237658366098733,8.333333333333332
PESISIR BARAT,LAMPUNG,03/03/2023,159205,791,8,0,0.0502496780879998,0.0,1.0113780025284451,33.33333333333333
PESISIR SELATAN,SUMATERA BARAT,03/03/2023,479148,2380,27,2,0.0563500212877858,0.0,1.134453781512605,9.375
PIDIE,ACEH,03/03/2023,463470,2289,20,16,0.0431527391201156,0.0,0.873743993010048,8.695652173913043
PIDIE JAYA,ACEH,03/03/2023,167646,1652,6,0,0.0357896997244193,0.0,0.36319612590799033,0.0
PINRANG,SULAWESI SELATAN,03/03/2023,385138,1918,50,2,0.129823595698165,4.0,2.6068821689259645,0.0
POLEWALI MANDAR,SULAWESI BARAT,03/03/2023,447799,2226,128,129,0.285842532028879,3.125,5.750224618149147,23.417721518987342
PONOROGO,JAWA TIMUR,03/03/2023,878785,4389,144,9,0.163862605756812,0.0,3.2809295967190706,22.00956937799043
POSO,SULAWESI TENGAH,03/03/2023,274782,1351,16,6,0.058227977087291,0.0,1.1843079200592153,0.0
PRINGSEWU,LAMPUNG,03/03/2023,412015,2044,129,178,0.313095397012245,0.0,6.311154598825832,2.857142857142857
PROBOLINGGO,JAWA TIMUR,03/03/2023,1194358,5943,212,288,0.177501218227701,0.943396226415094,3.5672219417802458,36.71641791044776
PULANG PISAU,KALIMANTAN TENGAH,03/03/2023,129238,1288,31,26,0.239867531221467,3.2258064516129,2.406832298136646,2.1739130434782608
PULAU MOROTAI,MALUKU UTARA,03/03/2023,71149,350,7,2,0.0983850791999888,0.0,2.0,0.0
PULAU TALIABU,MALUKU UTARA,03/03/2023,55215,273,2,0,0.0362220411120167,0.0,0.7326007326007326,
PUNCAK,PAPUA,03/03/2023,115639,574,2,0,0.0172952031753993,0.0,0.34843205574912894,
PUNCAK JAYA,PAPUA,03/03/2023,134005,658,4,0,0.0298496324764001,0.0,0.60790273556231,
PURBALINGGA,JAWA TENGAH,03/03/2023,958753,9513,34,28,0.0354627312769817,5.88235294117647,0.35740565541890046,4.225352112676056
PURWAKARTA,JAWA BARAT,03/03/2023,965366,959,2357,2396,2.44156102452334,0.212134068731438,245.77685088633996,0.2488593944421402
PURWOREJO,JAWA TENGAH,03/03/2023,717295,7168,19,8,0.0264884043524631,5.26315789473684,0.2650669642857143,4.838709677419355
RAJA AMPAT,PAPUA BARAT,03/03/2023,50931,252,13,13,0.25524729536039,0.0,5.158730158730158,
REJANG LEBONG,BENGKULU,03/03/2023,279162,2765,26,13,0.0931358852565894,0.0,0.9403254972875227,0.0
REMBANG,JAWA TENGAH,03/03/2023,649959,3234,35,14,0.0538495505101091,0.0,1.0822510822510822,0.7092198581560284
ROKAN HILIR,RIAU,03/03/2023,753464,3703,81,5,0.107503477272969,0.0,2.1874156089657033,11.458333333333332
ROKAN HULU,RIAU,03/03/2023,770787,7476,57,7,0.0739503909640407,0.0,0.7624398073836276,11.29032258064516
ROTE NDAO,NTT,03/03/2023,199789,966,18,0,0.0900950502780433,5.55555555555556,1.8633540372670807,0.0
SABU RAIJUA,NTT,03/03/2023,107976,525,9,0,0.0833518559679929,0.0,1.7142857142857144,0.0
SAMBAS,KALIMANTAN BARAT,03/03/2023,547378,2723,172,139,0.314225270288539,0.0,6.316562614763129,1.1299435028248588
SAMOSIR,SUMATERA UTARA,03/03/2023,127515,637,19,4,0.14900207818688,0.0,2.9827315541601256,4.761904761904762
SAMPANG,JAWA TIMUR,03/03/2023,1021574,5054,81,32,0.0792894102629863,1.23456790123457,1.6026909378709935,4.3478260869565215
SANGGAU,KALIMANTAN BARAT,03/03/2023,489029,2422,40,26,0.0817947401892321,0.0,1.6515276630883566,2.272727272727273
SARMI,PAPUA,03/03/2023,41378,203,11,0,0.265841751655469,0.0,5.41871921182266,0.0
SAROLANGUN,JAMBI,03/03/2023,314533,1554,24,0,0.0763035993043655,0.0,1.5444015444015444,3.225806451612903
SEKADAU,KALIMANTAN BARAT,03/03/2023,205385,1022,39,41,0.189887284855272,0.0,3.816046966731898,4.761904761904762
SELUMA,BENGKULU,03/03/2023,202262,1001,15,0,0.0741612364161335,0.0,1.4985014985014986,0.0
SEMARANG,JAWA TENGAH,03/03/2023,1096016,1085,137,23,0.124998175209121,0.72992700729927,12.626728110599078,1.3440860215053763
SERAM BAGIAN BARAT,MALUKU,03/03/2023,173649,868,12,0,0.0691049185425773,0.0,1.3824884792626728,0.0
SERAM BAGIAN TIMUR,MALUKU,03/03/2023,115260,574,7,0,0.0607322575047718,0.0,1.2195121951219512,0.0
SERANG,BANTEN,03/03/2023,1524782,7602,540,237,0.35414898654365,0.185185185185185,7.1033938437253346,6.578947368421052
SERDANG BEDAGAI,SUMATERA UTARA,03/03/2023,616750,3080,69,11,0.111876773408999,0.0,2.24025974025974,4.166666666666666
SERUYAN,KALIMANTAN TENGAH,03/03/2023,222378,1078,44,33,0.19786129922924,0.0,4.081632653061225,13.461538461538462
SIAK,RIAU,03/03/2023,518535,2548,131,24,0.252634826964429,0.0,5.141287284144426,6.666666666666667
SIDENRENG RAPPANG,SULAWESI SELATAN,03/03/2023,306764,1526,46,3,0.149952406410139,2.17391304347826,3.014416775884666,0.0
SIDOARJO,JAWA TIMUR,03/03/2023,2389147,11774,1127,1120,0.471716474540914,1.24223602484472,9.57193816884661,5.9276366435719785
SIGI,SULAWESI TENGAH,03/03/2023,245706,2436,16,27,0.0651184749253172,0.0,0.6568144499178982,54.054054054054056
SIJUNJUNG,SUMATERA BARAT,03/03/2023,256420,1260,8,0,0.0311988144450511,0.0,0.6349206349206349,10.0
SIKKA,NTT,03/03/2023,325262,322,560,733,1.72168897688633,0.0,173.91304347826087,1.3961605584642234
SIMALUNGUN,SUMATERA UTARA,03/03/2023,880303,4389,112,183,0.127228920042304,0.0,2.5518341307814993,55.38461538461539
SIMEULUE,ACEH,03/03/2023,98617,490,5,2,0.0507011975622864,0.0,1.0204081632653061,
SINJAI,SULAWESI SELATAN,03/03/2023,247470,1232,35,17,0.141431284600154,0.0,2.840909090909091,2.631578947368421
SINTANG,KALIMANTAN BARAT,03/03/2023,434726,2149,135,163,0.310540432364294,1.48148148148148,6.281991624011169,10.135135135135135
SITARO,SULAWESI UTARA,03/03/2023,67563,672,6,2,0.0888060032858221,0.0,0.8928571428571428,0.0
SITUBONDO,JAWA TIMUR,03/03/2023,694754,3458,81,51,0.116588029719872,0.0,2.3423944476576053,1.1904761904761905
SLEMAN,DI YOGYAKARTA,03/03/2023,1300361,6412,847,1125,0.651357584547676,2.47933884297521,13.209606986899564,3.278688524590164
SOLOK,SUMATERA BARAT,03/03/2023,384021,1911,30,0,0.0781207277726999,3.33333333333333,1.5698587127158554,10.81081081081081
SOLOK SELATAN,SUMATERA BARAT,03/03/2023,185512,910,6,5,0.0323429212126439,0.0,0.6593406593406593,0.0
SOPPENG,SULAWESI SELATAN,03/03/2023,230182,1148,33,15,0.143364815667602,6.06060606060606,2.8745644599303137,0.0
SORONG,PAPUA BARAT,03/03/2023,98271,483,16,9,0.162815072605346,0.0,3.3126293995859215,4.761904761904762
SORONG SELATAN,PAPUA BARAT,03/03/2023,51879,252,4,0,0.0771024884828158,0.0,1.5873015873015872,
SRAGEN,JAWA TENGAH,03/03/2023,891032,4452,89,65,0.0998841792438431,2.24719101123596,1.9991015274034143,15.873015873015872
SUBANG,JAWA BARAT,03/03/2023,1602185,7973,323,410,0.201599690422766,1.85758513931889,4.051172707889126,49.217638691322904
SUKABUMI,JAWA BARAT,03/03/2023,2551483,12698,818,609,0.320597864065722,1.22249388753056,6.44195936367932,1.2514220705346986
SUKAMARA,KALIMANTAN TENGAH,03/03/2023,68717,1008,22,21,0.320153673763406,0.0,2.1825396825396823,
SUKOHARJO,JAWA TENGAH,03/03/2023,908870,4522,186,49,0.204649729884362,1.61290322580645,4.113224237063246,15.160349854227405
SUMBA BARAT,NTT,03/03/2023,137164,679,17,4,0.123939226035986,5.88235294117647,2.503681885125184,5.263157894736842
SUMBA BARAT DAYA,NTT,03/03/2023,370505,1820,25,0,0.067475472665686,0.0,1.3736263736263736,6.896551724137931
SUMBA TENGAH,NTT,03/03/2023,76510,1134,10,7,0.130701869036727,0.0,0.8818342151675485,15.384615384615385
SUMBA TIMUR,NTT,03/03/2023,270121,2674,38,23,0.140677696291662,0.0,1.4210919970082274,0.0
SUMBAWA,NTB,03/03/2023,485956,2408,135,155,0.277802928660208,0.0,5.606312292358804,1.36986301369863
SUMBAWA BARAT,NTB,03/03/2023,169258,826,22,16,0.129979085183566,0.0,2.663438256658596,0.0
SUMEDANG,JAWA BARAT,03/03/2023,1192046,5929,316,141,0.265090441140694,3.16455696202532,5.32973519986507,9.192200557103064
SUMENEP,JAWA TIMUR,03/03/2023,1102978,5502,320,290,0.290123647071836,0.0,5.8160668847691745,1.1764705882352942
SUPIORI,PAPUA,03/03/2023,21577,21,7,0,0.324419520786022,0.0,33.33333333333333,
TABALONG,KALIMANTAN SELATAN,03/03/2023,263220,1302,57,38,0.216548894460907,0.0,4.377880184331797,1.639344262295082
TABANAN,BALI,03/03/2023,456166,2268,315,289,0.690538093588737,0.317460317460317,13.88888888888889,0.9090909090909091
TAKALAR,SULAWESI SELATAN,03/03/2023,302122,1505,40,1,0.132396846307121,0.0,2.6578073089700998,6.521739130434782
TAMBRAUW,PAPUA BARAT,03/03/2023,16502,14,2,0,0.121197430614471,0.0,14.285714285714285,
TANA TIDUNG,KALIMANTAN UTARA,03/03/2023,32217,154,9,1,0.279355619703883,0.0,5.844155844155844,27.27272727272727
TANA TORAJA,SULAWESI SELATAN,03/03/2023,242598,1204,50,11,0.206102276193538,0.0,4.152823920265781,0.0
TANAH BUMBU,KALIMANTAN SELATAN,03/03/2023,420241,2037,120,130,0.285550434155639,0.0,5.89101620029455,0.0
TANAH DATAR,SUMATERA BARAT,03/03/2023,350416,1750,30,5,0.0856125291082599,0.0,1.7142857142857144,5.88235294117647
TANAH LAUT,KALIMANTAN SELATAN,03/03/2023,355389,1757,46,18,0.129435632504101,0.0,2.6180990324416618,2.0
TANGERANG,BANTEN,03/03/2023,4005959,19635,1963,2889,0.490019992715852,0.916963830871116,9.997453526865293,2.240512117055327
TANGGAMUS,LAMPUNG,03/03/2023,620766,3080,116,34,0.18686590438265,0.862068965517241,3.766233766233766,21.710526315789476
TANJUNG JABUNG BARAT,JAMBI,03/03/2023,344382,1701,30,3,0.0871125668588951,0.0,1.763668430335097,0.0
TANJUNG JABUNG TIMUR,JAMBI,03/03/2023,215171,1071,19,1,0.0883018622398,0.0,1.7740429505135387,14.285714285714285
TAPANULI SELATAN,SUMATERA UTARA,03/03/2023,286830,1428,49,3,0.170832897535125,0.0,3.431372549019608,10.526315789473683
TAPANULI TENGAH,SUMATERA UTARA,03/03/2023,411470,2016,35,0,0.0850608792864607,0.0,1.7361111111111112,21.27659574468085
TAPANULI UTARA,SUMATERA UTARA,03/03/2023,309543,1540,30,4,0.0969170680648569,0.0,1.948051948051948,5.0
TAPIN,KALIMANTAN SELATAN,03/03/2023,195745,973,19,10,0.0970650591330558,5.26315789473684,1.9527235354573484,4.545454545454546
TASIKMALAYA,JAWA BARAT,03/03/2023,1819712,9058,499,373,0.274219217106883,0.801603206412826,5.5089423713844115,12.305025996533796
TEBO,JAMBI,03/03/2023,364446,1806,17,1,0.0466461423640265,0.0,0.9413067552602437,0.0
TEGAL,JAWA TENGAH,03/03/2023,1438315,7189,62,81,0.0431059955573014,8.06451612903226,0.8624287105299764,5.822784810126582
TELUK BINTUNI,PAPUA BARAT,03/03/2023,70555,343,22,3,0.31181347884629,0.0,6.41399416909621,0.0
TELUK WONDAMA,PAPUA BARAT,03/03/2023,35629,35,3,1,0.0842010721603188,0.0,8.571428571428571,
TEMANGGUNG,JAWA TENGAH,03/03/2023,789399,7840,10,5,0.0126678650467001,30.0,0.12755102040816327,7.2727272727272725
TIMOR TENGAH SELATAN,NTT,03/03/2023,474906,2366,78,7,0.164243029146821,0.0,3.296703296703297,1.1627906976744187
TIMOR TENGAH UTARA,NTT,03/03/2023,262167,1302,36,3,0.137317053633753,2.77777777777778,2.7649769585253456,0.0
TOBA SAMOSIR,SUMATERA UTARA,03/03/2023,186001,1855,187,218,1.00537093886592,0.53475935828877,10.080862533692722,8.25242718446602
TOJO UNA UNA,SULAWESI TENGAH,03/03/2023,158734,2359,7,1,0.0440989328058261,0.0,0.2967359050445104,12.5
TOLI TOLI,SULAWESI TENGAH,03/03/2023,242636,2408,13,1,0.0535781994427867,0.0,0.5398671096345514,0.0
TOLIKARA,PAPUA,03/03/2023,154025,756,4,0,0.0259698100957637,0.0,0.5291005291005291,0.0
TORAJA UTARA,SULAWESI SELATAN,03/03/2023,240749,1197,89,60,0.369679624837486,1.12359550561798,7.435254803675856,1.0309278350515463
TRENGGALEK,JAWA TIMUR,03/03/2023,701723,3507,171,101,0.243685898851826,0.584795321637427,4.875962360992301,12.745098039215685
TUBAN,JAWA TIMUR,03/03/2023,1189785,5929,307,404,0.25802981210891,0.325732899022801,5.17793894417271,35.61643835616438
TULANG BAWANG,LAMPUNG,03/03/2023,471654,2331,31,2,0.0657261467092402,0.0,1.3299013299013298,10.81081081081081
TULANG BAWANG BARAT,LAMPUNG,03/03/2023,280574,1393,29,0,0.10335954151133,0.0,2.0818377602297202,11.11111111111111
TULUNGAGUNG,JAWA TIMUR,03/03/2023,1054696,5257,188,77,0.178250415285542,2.12765957446809,3.5761841354384627,7.142857142857142
WAJO,SULAWESI SELATAN,03/03/2023,409515,2037,35,3,0.0854669548124,0.0,1.718213058419244,2.564102564102564
WAKATOBI,SULAWESI TENGGARA,03/03/2023,103670,518,12,0,0.115751905083438,0.0,2.3166023166023164,0.0
WAROPEN,PAPUA,03/03/2023,33994,168,2,0,0.0588339118668,0.0,1.1904761904761905,
WAY KANAN,LAMPUNG,03/03/2023,466017,4620,28,3,0.0600836450172419,0.0,0.6060606060606061,27.906976744186046
WONOGIRI,JAWA TENGAH,03/03/2023,957883,4788,103,7,0.107528790050559,0.970873786407767,2.1512113617376776,5.571030640668524
WONOSOBO,JAWA TENGAH,03/03/2023,794214,3962,129,13,0.162424736909699,0.0,3.255931347804139,2.405498281786942
YAHUKIMO,PAPUA,03/03/2023,200458,994,4,0,0.019954304642369,0.0,0.4024144869215292,
YALIMO,PAPUA,03/03/2023,70343,343,4,0,0.0568642224528382,0.0,1.1661807580174928,
